SID,Year,OS_ID,OS_Name,Site_ID,Material,total,legal,sublegal,spat,non_spat,Collection.Method,Sample.Method,Latitude,Longitude,Deployment.Year,Deployment.Month,Material_Age,Oyster.Cover,Mussel_Cover,Sedimentation,Boring_Sponge,Sample_Depth,OS.Depth,Relief,S.DO,B.DO,S.Sal,B.Sal,S.Temp,B.Temp
2019-10-2-OS-09-1,2019,9,West Bluff,1,Marl,356,8,136,212,144,Extraction,Census,35 18.261,76 10.099,2005,10,14,1,3,2,3,11,15,4,NA,NA,NA,NA,NA,NA
2019-10-2-OS-09-2,2019,9,West Bluff,2,Marl,180,0,16,164,16,Extraction,Census,35 18.274,76 10.154,2005,8,14.17,1,3,2,3,11,15,4,NA,NA,NA,NA,NA,NA
2019-10-2-OS-09-3,2019,9,West Bluff,3,Marl,452,4,156,292,160,Extraction,Census,35 18.286,76 10.182,2006,5,13.42,1,3,2,3,10,NA,NA,NA,NA,NA,NA,NA,NA
2019-10-2-OS-09-4,2019,9,West Bluff,4,Marl,320,0,44,276,44,Extraction,Census,35 18.253,76 10.188,2009,7,10.25,1,3,2,3,10,NA,NA,NA,NA,NA,NA,NA,NA
2019-6-18-OS-15-1,2019,15,Swan Island,1,Marl,416,88,324,4,412,Extraction,Census,35 05.528,76 27.350,2017,5,2.08,2,1,2,1,11,13,2,7.48,7.42,17.1,17.3,28.3,27.5
2019-6-18-OS-15-2,2019,15,Swan Island,2,Marl,768,28,604,136,632,Extraction,Census,35 05.575,76 27.429,2017,6,2,2,1,2,1,11,14,3,7.48,7.42,17.1,17.3,28.3,27.5
2019-6-18-OS-15-3,2019,15,Swan Island,3,Marl,264,24,232,8,256,Extraction,Census,35 05.577,76 27.296,2017,6,2,2,1,2,1,12,14,2,7.48,7.42,17.1,17.3,28.3,27.5
2019-6-18-OS-15-4,2019,15,Swan Island,4,Marl,380,16,344,20,360,Extraction,Census,35 05.516,76 27.205,2017,5,2.08,2,1,2,1,11,13,2,7.48,7.42,17.1,17.3,28.3,27.5
2019-6-18-OS-15-5,2019,15,Swan Island,5,Marl,768,52,676,40,728,Extraction,Census,35 05.560,76 27.366,2017,6,2,2,1,2,1,10,14,4,7.48,7.42,17.1,17.3,28.3,27.5
2019-6-18-OS-15-6,2019,15,Swan Island,6,Marl,460,4,452,4,456,Extraction,Census,35 05.519,76 27.240,2017,5,2.08,2,1,2,1,10,13,3,7.48,7.42,17.1,17.3,28.3,27.5
2019-6-18-OS-15-7,2019,15,Swan Island,7,Marl,428,16,412,0,428,Extraction,Census,35 05.538,76 27.405,2017,5,2.08,2,1,2,1,10,13,3,7.48,7.42,17.1,17.3,28.3,27.5
2019-6-18-OS-15-8,2019,15,Swan Island,8,Marl,544,52,440,52,492,Extraction,Census,35 05.576,76 27.316,2017,6,2,2,1,2,1,12,14,2,7.48,7.42,17.1,17.3,28.3,27.5
2019-6-25-OS-15-10,2019,15,Swan Island,10,Granite,836,0,704,132,704,Extraction,Census,35 05.580,76 27.041,2018,6,1,1,1,2,1,10,14,4,7.48,7.42,17.1,17.3,28.3,27.5
2019-6-25-OS-15-11,2019,15,Swan Island,11,Granite,1476,0,1240,236,1240,Extraction,Census,35 05.511,76 27.070,2018,5,1.08,1,1,2,1,10,13,3,7.48,7.42,17.1,17.3,28.3,27.5
2019-6-25-OS-15-12,2019,15,Swan Island,12,Granite,596,0,492,104,492,Extraction,Census,35 05.583,76 27.110,2018,5,1.08,1,1,2,1,10,14,4,7.48,7.42,17.1,17.3,28.3,27.5
2019-6-25-OS-15-13,2019,15,Swan Island,13,Granite,888,0,548,340,548,Extraction,Census,35 05.533,76 27.118,2018,5,1.08,1,1,2,1,10,13,3,7.48,7.42,17.1,17.3,28.3,27.5
2019-6-25-OS-15-14,2019,15,Swan Island,14,Granite,676,0,616,60,616,Extraction,Census,35 05.545,76 27.035,2018,6,1,1,1,2,1,11,14,3,7.48,7.42,17.1,17.3,28.3,27.5
2019-6-25-OS-15-15,2019,15,Swan Island,15,Granite,684,0,544,140,544,Extraction,Census,35 05.591,76 27.115,2018,6,1,1,1,2,1,10,14,4,7.48,7.42,17.1,17.3,28.3,27.5
2019-6-25-OS-15-9,2019,15,Swan Island,9,Granite,1552,0,940,612,940,Extraction,Census,35 05.542,76 27.108,2018,5,1.08,1,1,2,1,10,13,3,7.48,7.42,17.1,17.3,28.3,27.5
2019-7-23-OS-08-1,2019,8,Neuse River,1,Marl,28,0,24,4,24,Extraction,Census,35 00.395,76 32.015,2005,4,14.25,1,4,2,1,10,14,4,NA,NA,NA,NA,NA,NA
2019-7-23-OS-08-2,2019,8,Neuse River,2,Marl,56,4,52,0,56,Extraction,Census,35 00.430,76 32.000,2006,6,13.08,1,4,2,1,10,14,4,NA,NA,NA,NA,NA,NA
2019-7-23-OS-08-3,2019,8,Neuse River,3,Marl,4,0,4,0,4,Extraction,Census,35 00.473,76 31.968,2008,3,11.33,1,4,2,1,11,14,3,NA,NA,NA,NA,NA,NA
2019-7-23-OS-08-4,2019,8,Neuse River,4,Marl,108,0,104,4,104,Extraction,Census,35 00.401,76 32.030,2005,4,14.25,1,4,2,1,11,15,4,NA,NA,NA,NA,NA,NA
2019-7-23-OS-14-1,2019,14,Little Creek,1,Basalt,60,24,36,0,60,Extraction,Census,35 02.566,76 30.883,2016,8,2.92,1,4,2,1,18,NA,NA,NA,NA,NA,NA,NA,NA
2019-7-23-OS-14-2,2019,14,Little Creek,2,Basalt,8,0,8,0,8,Extraction,Census,35 02.607,76 30.910,2016,4,3.25,1,4,2,1,NA,NA,NA,NA,NA,NA,NA,NA,NA
2019-7-23-OS-14-3,2019,14,Little Creek,3,Basalt,12,0,12,0,12,Extraction,Census,35 02.572,76 30.901,2016,8,2.92,1,4,2,1,18,NA,NA,NA,NA,NA,NA,NA,NA
2019-7-23-OS-14-4,2019,14,Little Creek,4,Granite,4,4,0,0,4,Extraction,Census,35 02.674,76 30.958,2016,4,3.25,1,4,2,1,21,NA,NA,NA,NA,NA,NA,NA,NA
2019-7-23-OS-14-5,2019,14,Little Creek,5,Granite,48,0,48,0,48,Extraction,Census,35 02.562,76 30.842,2016,8,2.92,1,4,2,1,NA,NA,NA,NA,NA,NA,NA,NA,NA
2019-7-23-OS-14-6,2019,14,Little Creek,6,Granite,12,0,12,0,12,Extraction,Census,35 02.561,76 30.827,2016,9,2.83,1,4,2,1,NA,NA,NA,NA,NA,NA,NA,NA,NA
2019-8-1-OS-12-4,2019,12,Raccoon Island,4,Crushed Concrete,260,8,104,148,112,Extraction,Census,35 05.439,76 23.453,2016,8,3,NA,NA,NA,NA,14,16,2,NA,NA,NA,NA,NA,NA
2019-8-1-OS-12-5,2019,12,Raccoon Island,5,Crushed Concrete,324,4,160,160,164,Extraction,Census,35 05.434,76 23.455,2016,8,3,NA,NA,NA,NA,14,16,2,NA,NA,NA,NA,NA,NA
2019-8-1-OS-12-6,2019,12,Raccoon Island,6,Crushed Concrete,356,0,216,140,216,Extraction,Census,35 05.448,76 23.498,2016,8,3,NA,NA,NA,NA,15,16,1,NA,NA,NA,NA,NA,NA
2019-8-1-OS-14-16,2019,14,Little Creek,16,Granite,156,28,128,0,156,Extraction,Census,35 02.611,76 30.937,2016,4,3.33,1,4,2,1,15,NA,NA,NA,NA,NA,NA,NA,NA
2019-8-1-OS-14-7,2019,14,Little Creek,7,Marl,32,0,28,4,28,Extraction,Census,35 02.585,76 30.938,2016,8,3,1,4,2,1,18,NA,NA,NA,NA,NA,NA,NA,NA
2019-8-1-OS-14-8,2019,14,Little Creek,8,Marl,4,0,4,0,4,Extraction,Census,35 02.623,76 30.878,2016,4,3.33,1,4,2,1,17,NA,NA,NA,NA,NA,NA,NA,NA
2019-8-20-OS-01-4,2019,1,Croatan Sound,4,Marl,28,0,24,4,24,Extraction,Census,35 48.250,75 38.398,1998,8,21,1,2,4,1,10,11,1,6.9,6.7,13.2,13.7,29.2,28
2019-8-20-OS-01-6,2019,1,Croatan Sound,6,Marl,84,12,28,44,40,Extraction,Census,35 48.250,75 38.426,1998,8,21,1,2,4,1,10,11,1,6.9,6.7,13.2,13.7,29.2,28
2019-8-20-OS-01-7,2019,1,Croatan Sound,7,Marl,24,0,20,4,20,Extraction,Census,35 48.253,75 38.410,1998,8,21,1,2,4,1,11,11,0,6.9,6.7,13.2,13.7,29.2,28
2019-8-27-OS-02-10,2019,2,Deep Bay,10,Marl,20,0,8,12,8,Extraction,Census,35 22.858,76.22.292,2003,6,16.17,1,0,3,1,NA,NA,NA,6.8,6.9,18.7,18.9,26.2,26.1
2019-8-27-OS-02-4,2019,2,Deep Bay,4,Marl,16,0,8,8,8,Extraction,Census,35 22.843,76 22.216,1996,6,23.17,1,3,3,1,NA,NA,NA,6.8,6.9,18.7,18.9,26.2,26.1
2019-8-27-OS-02-5,2019,2,Deep Bay,5,Marl,32,4,12,16,16,Extraction,Census,35 22.836,76 22.224,1996,6,23.17,1,3,3,1,NA,NA,NA,6.8,6.9,18.7,18.9,26.2,26.1
2019-8-27-OS-02-6,2019,2,Deep Bay,6,Marl,4,0,4,0,4,Extraction,Census,35 22.865,76 22.224,1996,6,23.17,0,3,3,1,NA,NA,NA,6.8,6.9,18.7,18.9,26.2,26.1
2019-8-27-OS-02-7,2019,2,Deep Bay,7,Marl,64,4,48,12,52,Extraction,Census,35 22.872,76 22.241,2003,6,16.17,1,2,2,1,NA,NA,NA,6.8,6.9,18.7,18.9,26.2,26.1
2019-8-27-OS-02-8,2019,2,Deep Bay,8,Marl,8,0,8,0,8,Extraction,Census,35 22.866,76 22.296,2003,6,16.17,1,0,3,1,NA,NA,NA,6.8,6.9,18.7,18.9,26.2,26.1
2019-8-27-OS-02-9,2019,2,Deep Bay,9,Marl,44,0,32,12,32,Extraction,Census,35 22.858,76 22.293,2003,6,16.17,1,0,3,1,NA,NA,NA,6.8,6.9,18.7,18.9,26.2,26.1
2019-8-28-OS-10-1,2019,10,Gibbs Shoal,1,Marl,148,24,64,60,88,Extraction,Census,35 27.277,75 56.012,2010,10,8.83,1,1,2,3,9,13,4,7.3,5,18.9,21.1,27.1,26.6
2019-8-28-OS-10-2,2019,10,Gibbs Shoal,2,Marl,124,36,24,64,60,Extraction,Census,35 27.261,75 56.018,2011,3,8.42,1,1,2,3,10,13,3,7.3,5,18.9,21.1,27.1,26.6
2019-8-28-OS-10-3,2019,10,Gibbs Shoal,3,Marl,240,56,124,60,180,Extraction,Census,35 27.301,75 56.102,2010,3,9.42,1,1,2,3,8,12,4,7.3,5,18.9,21.1,27.1,26.6
2019-8-28-OS-10-4,2019,10,Gibbs Shoal,4,Marl,216,24,128,64,152,Extraction,Census,35 27.265,75 56.109,2011,3,8.42,1,1,2,3,9,13,4,7.3,5,18.9,21.1,27.1,26.6
2019-8-28-OS-10-5,2019,10,Gibbs Shoal,5,Marl,156,4,72,80,76,Extraction,Census,35 27.302,75 55.996,2010,3,9.42,1,1,2,3,8,12,4,7.3,5,18.9,21.1,27.1,26.6
2019-8-6-OS-03-1,2019,3,West Bay,1,Shell,64,4,8,52,12,Extraction,Census,34 58.815,76 21.387,2003,5,16.25,1,0,NA,1,NA,NA,NA,NA,NA,NA,NA,NA,NA
2019-8-6-OS-03-2,2019,3,West Bay,2,Shell,40,8,28,4,36,Extraction,Census,34 58.805,76 21.416,2003,5,16.25,1,0,NA,1,NA,NA,NA,NA,NA,NA,NA,NA,NA
2019-8-6-OS-03-3,2019,3,West Bay,3,Marl,132,16,112,4,128,Extraction,Census,34 58.791,76 21.411,2003,6,16.17,1,1,2,3,NA,NA,NA,NA,NA,NA,NA,NA,NA
2019-8-6-OS-03-4,2019,3,West Bay,4,Marl,96,8,84,4,92,Extraction,Census,34 58.823,76 21.452,1996,8,23,1,1,2,3,NA,NA,NA,NA,NA,NA,NA,NA,NA
2019-8-6-OS-03-5,2019,3,West Bay,5,Marl,176,4,152,20,156,Extraction,Census,34 58.831,76 21.408,1996,8,23,1,1,2,3,NA,NA,NA,NA,NA,NA,NA,NA,NA
2019-8-6-OS-03-6,2019,3,West Bay,6,Marl,48,4,44,0,48,Extraction,Census,34 58.799,76 21.388,2003,6,16.17,1,1,2,3,NA,NA,NA,NA,NA,NA,NA,NA,NA
2019-8-7-OS-07-1,2019,7,Middle Bay,1,Marl,12,4,8,0,12,Extraction,Census,35 14.129,76 30.204,2004,8,15,1,2,2,NA,8,14,6,5.35,5.45,19.3,19.5,28.1,28.7
2019-8-7-OS-07-2,2019,7,Middle Bay,2,Marl,40,0,28,12,28,Extraction,Census,35 14.133,76 30.190,2004,8,15,1,2,2,NA,8,14,6,5.35,5.45,19.3,19.5,28.1,28.7
2019-8-7-OS-07-3,2019,7,Middle Bay,3,Marl,4,0,4,0,4,Extraction,Census,35 14.133,76 30.214,2004,8,15,1,2,2,NA,8,14,6,5.35,5.45,19.3,19.5,28.1,28.7
2019-9-25-OS-13-1,2019,13,Pea Island,1,Crushed Concrete,204,32,124,48,156,Extraction,Census,35 40.012,75 36.916,2015,5,4.33,1,1,2,1,12,15,3,NA,NA,NA,NA,NA,NA
2019-9-25-OS-13-2,2019,13,Pea Island,2,Crushed Concrete,300,4,180,116,184,Extraction,Census,35 40.010,75 36.964,2015,5,4.33,1,1,2,1,13,15,2,NA,NA,NA,NA,NA,NA
2019-9-25-OS-13-3,2019,13,Pea Island,3,Crushed Concrete,264,0,188,76,188,Extraction,Census,35 39.948,75 36.921,2015,7,4.17,1,1,2,1,11,15,4,NA,NA,NA,NA,NA,NA
2019-9-26-OS-05-1,2019,5,Crab Hole,1,Marl,332,0,196,136,196,Extraction,Census,35 43.556,75 40.672,2009,9,10,1,4,2,1,10,13,3,7.1,6.7,18.5,21.4,24.1,24
2019-9-26-OS-05-2,2019,5,Crab Hole,2,Marl,616,0,152,464,152,Extraction,Census,35 43.650,75 40.665,2009,11,9.83,1,4,2,1,10,14,4,7.1,6.7,18.5,21.4,24.1,24
2019-9-26-OS-05-3,2019,5,Crab Hole,3,Marl,356,0,68,288,68,Extraction,Census,35 43.588,75 40.635,2006,4,13.42,2,3,2,1,7,13,6,7.1,6.7,18.5,21.4,24.1,24
2019-9-26-OS-05-4,2019,5,Crab Hole,4,Marl,848,0,268,580,268,Extraction,Census,35 43.544,75 40.531,2009,9,10,1,2,2,1,10,13,3,7.1,6.7,18.5,21.4,24.1,24
2019-9-26-OS-05-5,2019,5,Crab Hole,5,Marl,340,0,96,244,96,Extraction,Census,35 43.586,75 40.711,2006,3,13.5,1,4,2,1,7,14,7,7.1,6.7,18.5,21.4,24.1,24
2019-9-26-OS-05-6,2019,5,Crab Hole,6,Marl,304,4,68,232,72,Extraction,Census,35 43.573,75 40.613,2006,4,13.42,1,4,2,1,9,14,5,7.1,6.7,18.5,21.4,24.1,24
2019-9-26-OS-05-7,2019,5,Crab Hole,7,Marl,260,0,152,108,152,Extraction,Census,35 43.630,75 40.714,2009,10,9.92,1,4,2,1,9,13,4,7.1,6.7,18.5,21.4,24.1,24
2019-9-26-OS-05-8,2019,5,Crab Hole,8,Marl,820,0,360,460,360,Extraction,Census,35 43.609,75 40.645,2006,4,13.42,1,2,2,1,8,14,6,7.1,6.7,18.5,21.4,24.1,24
2020-6-25-OS-03-4,2020,3,West Bay,4,Marl,432,36,332,64,368,Extraction,Census,34 58.811,76 21.451,1996,8,23.83,2,1,2,1,NA,NA,NA,7.9,6.9,14,16.1,27.7,27.4
2020-6-25-OS-03-5,2020,3,West Bay,5,Marl,560,60,428,72,488,Extraction,Census,34 58.796,76 21.401,2003,6,17,1,1,2,1,NA,NA,NA,7.9,6.9,14,16.1,27.7,27.4
2020-6-25-OS-03-6,2020,3,West Bay,6,Marl,28,0,28,0,28,Extraction,Census,34 58.812,76 21.454,1996,8,23.83,1,1,2,1,NA,NA,NA,7.9,6.9,14,16.1,27.7,27.4
2020-6-25-OS-03-7,2020,3,West Bay,7,Shell,1052,92,896,64,988,Extraction,Census,34 58.808,76 21.397,2003,5,17.08,NA,0,2,1,NA,NA,NA,7.9,6.9,14,16.1,27.7,27.4
2020-6-25-OS-03-8,2020,3,West Bay,8,Shell,476,24,408,44,432,Extraction,Census,34 58.812,76 21.384,2003,5,17.08,NA,NA,2,1,NA,NA,NA,7.9,6.9,14,16.1,27.7,27.4
2020-6-25-OS-03-9,2020,3,West Bay,9,Shell,272,4,216,52,220,Extraction,Census,34 58.791,76 21.415,2003,5,17.08,2,1,2,1,NA,NA,NA,7.9,6.9,14,16.1,27.7,27.4
2020-6-25-OS-08-1,2020,8,Neuse River,1,Marl,412,16,256,140,272,Extraction,Census,35 0.418,76 32.024,2005,4,15.17,1,2,2,1,11,15,4,7.9,7.2,8.8,9.1,27,26.7
2020-6-25-OS-08-2,2020,8,Neuse River,2,Marl,332,16,244,72,260,Extraction,Census,35 0.403,76 32.000,2005,4,15.17,1,4,2,1,11,15,4,7.9,7.2,8.8,9.1,27,26.7
2020-6-25-OS-08-3,2020,8,Neuse River,3,Marl,376,12,296,68,308,Extraction,Census,35 0.400,76 32.028,2005,4,15.17,4,1,4,1,11,14,3,7.9,7.2,8.8,9.1,27,26.7
2020-6-25-OS-08-4,2020,8,Neuse River,4,Marl,160,4,148,8,152,Extraction,Census,35 0.408,76 32.009,2005,4,15.17,1,4,2,1,11,14,3,7.9,7.2,8.8,9.1,27,26.7
2020-6-26-OS-12-4,2020,12,Raccoon Island,4,Crushed Concrete,4016,36,2704,1276,2740,Extraction,Census,35 05.443,76 23.504 ,2013,8,6.83,4,0,2,1,15,16,1,8,6.3,11.3,14.4,26.4,24.6
2020-6-26-OS-12-5,2020,12,Raccoon Island,5,Crushed Concrete,4020,72,2888,1060,2960,Extraction,Census,35 05.442,76 23.485 ,2016,8,3.83,4,0,2,1,13,16,3,8,6.3,11.3,14.4,26.4,24.6
2020-6-26-OS-12-6,2020,12,Raccoon Island,6,Crushed Concrete,80,16,64,0,80,Extraction,Census,35 05.442,76 23.449 ,2016,8,3.83,4,0,4,1,15,16,1,8,6.3,11.3,14.4,26.4,24.6
2020-6-29-OS-15-1,2020,15,Swan Island,1,Marl,2588,172,1180,1236,1352,Extraction,Census,35 05.550,76 27.178 ,2017,6,3,2,2,2,3,10,13,3,7.8,3.5,9,12,27.6,27
2020-6-29-OS-15-2,2020,15,Swan Island,2,Marl,360,136,156,68,292,Extraction,Census,35 05.525,76 27.452,2017,5,3.08,1,3,3,1,10,12,2,7.8,3.5,9,12,27.6,27
2020-6-29-OS-15-3,2020,15,Swan Island,3,Marl,1000,76,580,344,656,Extraction,Census,35 05.521,76 27.166,2017,5,3.08,1,1,2,2,10,13,3,7.8,3.5,9,12,27.6,27
2020-6-29-OS-15-4,2020,15,Swan Island,4,Marl,1484,220,832,432,1052,Extraction,Census,35 05.543,76 27.374,2017,6,3,3,3,2,1,11,14,3,7.8,3.5,9,12,27.6,27
2020-6-29-OS-15-5,2020,15,Swan Island,5,Marl,996,172,548,276,720,Extraction,Census,35 05.547,76 27.255,2017,6,3,1,2,2,1,10,14,4,7.8,3.5,9,12,27.6,27
2020-6-29-OS-15-6,2020,15,Swan Island,6,Marl,1692,212,888,592,1100,Extraction,Census,35 05.546,76 27.365,2017,6,3,3,3,2,1,11,14,3,7.8,3.5,9,12,27.6,27
2020-6-29-OS-15-7,2020,15,Swan Island,7,Marl,1032,160,476,396,636,Extraction,Census,35 05.580,76 27.399,2017,6,3,3,2,2,1,11,14,3,7.8,3.5,9,12,27.6,27
2020-6-29-OS-15-8,2020,15,Swan Island,8,Marl,1156,40,632,484,672,Extraction,Census,35 05.563,76 27.177,2017,6,3,2,2,2,3,10,14,4,7.8,3.5,9,12,27.6,27
2020-6-30-OS-15-10,2020,15,Swan Island,10,Granite,3904,84,2372,1448,2456,Extraction,Census,35 05.588,76 27.133,2018,6,2,3,1,3,1,10,14,4,7.9,2.9,8.1,13.6,28.4,27.4
2020-6-30-OS-15-11,2020,15,Swan Island,11,Granite,3332,68,1476,1788,1544,Extraction,Census,35 05.560,76 27.044,2018,6,2,3,1,3,1,10,14,4,7.9,2.9,8.1,13.6,28.4,27.4
2020-6-30-OS-15-12,2020,15,Swan Island,12,Granite,4188,120,1816,2252,1936,Extraction,Census,35 05.546,76 27.009,2018,6,2,3,1,3,1,10,13,3,7.9,2.9,8.1,13.6,28.4,27.4
2020-6-30-OS-15-13,2020,15,Swan Island,13,Granite,3292,36,1516,1740,1552,Extraction,Census,35 05.552,76 27.041,2018,6,2,3,1,3,1,12,14,2,7.9,2.9,8.1,13.6,28.4,27.4
2020-6-30-OS-15-14,2020,15,Swan Island,14,Granite,2988,40,1324,1624,1364,Extraction,Census,35 05.533,76 27.107,2018,5,2.08,NA,NA,NA,NA,10,13,3,7.9,2.9,8.1,13.6,28.4,27.4
2020-6-30-OS-15-15,2020,15,Swan Island,15,Granite,4196,180,1692,2324,1872,Extraction,Census,35 05.527,76 26.981,2018,6,2,3,2,2,1,10,13,3,7.9,2.9,8.1,13.6,28.4,27.4
2020-6-30-OS-15-9,2020,15,Swan Island,9,Granite,2156,212,1168,776,1380,Extraction,Census,35 05.532,76 27.000,2018,6,2,3,1,2,1,9,13,4,7.9,2.9,8.1,13.6,28.4,27.4
2020-7-1-OS-15-16,2020,15,Swan Island,16,Marl,744,0,552,192,552,Extraction,Census,35 05.540,76 26.969,2019,6,1.08,3,1,3,1,12,13,1,7.9,7.2,9.5,10.5,28.1,28.3
2020-7-1-OS-15-17,2020,15,Swan Island,17,Marl,1528,12,896,620,908,Extraction,Census,35 05.525,76 26.955,2019,5,1.17,3,1,2,1,10,13,3,7.9,7.2,9.5,10.5,28.1,28.3
2020-7-1-OS-15-18,2020,15,Swan Island,18,Marl,1804,24,1300,480,1324,Extraction,Census,35 05.546,76 26.903,2019,6,1.08,4,1,2,1,9,13,4,7.9,7.2,9.5,10.5,28.1,28.3
2020-7-1-OS-15-19,2020,15,Swan Island,19,Marl,1384,28,804,552,832,Extraction,Census,35 05.517,76 26.843,2019,6,1.08,3,1,2,1,10,13,3,7.9,7.2,9.5,10.5,28.1,28.3
2020-7-1-OS-15-20,2020,15,Swan Island,20,Marl,1972,32,1472,468,1504,Extraction,Census,35 05.511,76 26.939,2019,5,1.17,4,1,2,1,9,12,3,7.9,7.2,9.5,10.5,28.1,28.3
2020-7-1-OS-15-21,2020,15,Swan Island,21,Marl,1704,64,1136,504,1200,Extraction,Census,35 05.586,76 26.962,2019,5,1.17,2,1,2,1,9,13,4,7.9,7.2,9.5,10.5,28.1,28.3
2020-7-1-OS-15-22,2020,15,Swan Island,22,Marl,1952,40,1308,604,1348,Extraction,Census,35 05.530,76 26.847,2019,6,1.08,3,1,3,1,10,13,3,7.9,7.2,9.5,10.5,28.1,28.3
2020-7-1-OS-15-23,2020,15,Swan Island,23,Marl,1152,12,736,404,748,Extraction,Census,35 05.538,76 26.944,2019,5,1.17,2,1,2,1,11,13,2,7.9,7.2,9.5,10.5,28.1,28.3
2020-7-14-OS-14-15,2020,14,Little Creek,15,Granite,4,0,0,4,0,Extraction,Census,35 02.561,76 30.838,2016,8,3.92,0,0,3,1,18,NA,NA,9.05,4.6,13,14.1,30.4,28.8
2020-7-14-OS-14-16,2020,14,Little Creek,16,Granite,1288,44,1064,180,1108,Extraction,Census,35 02.610,76 30.901,2016,8,3.92,2,1,2,1,13,NA,NA,9.05,4.6,13,14.1,30.4,28.8
2020-7-14-OS-14-5,2020,14,Little Creek,5,Marl,8,0,0,8,0,Extraction,Census,35 02.587,76 30.956,2016,6,4.08,1,1,4,1,20,NA,NA,9.05,4.6,13,14.1,30.4,28.8
2020-7-14-OS-14-6,2020,14,Little Creek,6,Marl,24,0,4,20,4,Extraction,Census,35 02.599,76 30.942,2016,4,4.25,1,4,3,1,17,NA,NA,9.05,4.6,13,14.1,30.4,28.8
2020-7-14-OS-14-7,2020,14,Little Creek,7,Marl,4,0,0,4,0,Extraction,Census,35 02.599,76 30.944,2016,4,4.25,0,0,3,1,16,NA,NA,9.05,4.6,13,14.1,30.4,28.8
2020-7-14-OS-14-8,2020,14,Little Creek,8,Consolidated Concrete,592,12,464,116,476,Extraction,Census,35 02.606,76 30.941,2016,4,4.25,4,1,3,1,14,NA,NA,9.05,4.6,13,14.1,30.4,28.8
2020-7-14-OS-14-9,2020,14,Little Creek,9,Consolidated Concrete,652,28,540,84,568,Extraction,Census,35 02.624,76 30.929,2016,4,4.25,1,1,2,1,13,NA,NA,9.05,4.6,13,14.1,30.4,28.8
2020-7-15-OS-02-10,2020,2,Deep Bay,10,Shell,264,36,224,4,260,Extraction,Census,35 22.857,76 22.278,2003,6,17.08,4,2,3,1,8,NA,NA,7,6.5,13.3,13.4,29.8,29.3
2020-7-15-OS-02-4,2020,2,Deep Bay,4,Shell,28,12,16,0,28,Extraction,Census,35 22.874,76 22.262,2003,6,17.08,1,4,3,1,8,NA,NA,7,6.5,13.3,13.4,29.8,29.3
2020-7-15-OS-02-6,2020,2,Deep Bay,6,Shell,184,64,120,0,184,Extraction,Census,35 22.862,76 22.265,2003,6,17.08,4,1,3,1,8,NA,NA,7,6.5,13.3,13.4,29.8,29.3
2020-7-15-OS-02-7,2020,2,Deep Bay,7,Marl,20,0,20,0,20,Extraction,Census,35 22.835,76 22.217,1996,6,24.08,1,4,3,1,8,NA,NA,7,6.5,13.3,13.4,29.8,29.3
2020-7-15-OS-02-8,2020,2,Deep Bay,8,Shell,220,24,188,8,212,Extraction,Census,35 22.863,76 22.294,2003,6,17.08,4,1,3,1,8,NA,NA,7,6.5,13.3,13.4,29.8,29.3
2020-7-15-OS-02-9,2020,2,Deep Bay,9,Shell,160,16,144,0,160,Extraction,Census,35 22.867,76 22.295,2003,6,17.08,4,1,3,1,8,NA,NA,7,6.5,13.3,13.4,29.8,29.3
2020-7-2-OS-14-17A,2020,14,Little Creek,17A,Granite,132,16,100,16,116,Extraction,Census,35 02.622,76 30.861,2016,6,4.08,1,1,2,1,NA,NA,NA,9.1,9.29,10.9,18.7,29.3,24.6
2020-7-28-OS-07-1,2020,7,Middle Bay,1,Marl,16,0,16,0,16,Extraction,Census,35 14.135,76 30.212,2004,8,15.92,1,3,3,1,7,NA,NA,6.25,6.1,16,16.2,30.1,29.9
2020-7-28-OS-07-2,2020,7,Middle Bay,2,Marl,36,8,28,0,36,Extraction,Census,35 14.118,76 30.201,2004,8,15.92,1,3,3,1,6,NA,NA,6.25,6.1,16,16.2,30.1,29.9
2020-7-28-OS-07-3,2020,7,Middle Bay,3,Marl,16,0,16,0,16,Extraction,Census,35 14.133,76 30.202,2004,8,15.92,1,3,3,1,7,NA,NA,6.25,6.1,16,16.2,30.1,29.9
2020-7-28-OS-07-4,2020,7,Middle Bay,4,Marl,4,0,0,4,0,Extraction,Census,35 14.139,76 30.189,2004,8,15.92,0,3,3,1,6,NA,NA,6.25,6.1,16,16.2,30.1,29.9
2020-7-28-OS-07-5,2020,7,Middle Bay,5,Marl,80,0,72,8,72,Extraction,Census,35 14.130,76 30.215,2004,8,15.92,1,4,3,1,3,NA,NA,6.25,6.1,16,16.2,30.1,29.9
2020-8-11-OS-09-4,2020,9,West Bluff,4,Marl,340,0,308,32,308,Extraction,Census,35 18.293,76 10.127,2005,8,15,1,1,2,3,9,NA,NA,7.2,6.1,19.1,20.1,30.1,29.8
2020-8-11-OS-09-5,2020,9,West Bluff,5,Marl,352,8,252,92,260,Extraction,Census,35 18.243,76 10.111,2009,6,11.17,1,2,2,3,9,NA,NA,7.2,6.1,19.1,20.1,30.1,29.8
2020-8-11-OS-09-6,2020,9,West Bluff,6,Marl,304,4,232,68,236,Extraction,Census,35 18.245,76 10.123,2009,4,11.33,1,2,2,3,11,NA,NA,7.2,6.1,19.1,20.1,30.1,29.8
2020-8-11-OS-09-7,2020,9,West Bluff,7,Marl,660,4,532,124,536,Extraction,Census,35 18.251,76 10.228,2009,7,11.08,1,3,2,3,8,NA,NA,7.2,6.1,19.1,20.1,30.1,29.8
2020-8-17-OS-10-5,2020,10,Gibbs Shoal,5,Marl,320,20,252,48,272,Extraction,Census,35 27.302,75 56.079,2010,2,10.5,1,1,2,4,10,12,2,6.09,5.08,19.6,19.7,28.3,28.3
2020-8-17-OS-10-6,2020,10,Gibbs Shoal,6,Marl,360,12,244,104,256,Extraction,Census,35 27.316 ,75 56.122,2010,1,10.58,1,2,2,3,8,12,4,6.09,5.08,19.6,19.7,28.3,28.3
2020-8-17-OS-10-7,2020,10,Gibbs Shoal,7,Marl,268,8,224,36,232,Extraction,Census,35 27.281 ,75 56.010,2010,8,10,1,2,2,4,13,NA,NA,6.09,5.08,19.6,19.7,28.3,28.3
2020-8-17-OS-10-8,2020,10,Gibbs Shoal,8,Marl,200,4,156,40,160,Extraction,Census,35 27.300,75 56.082,2010,2,10.5,1,1,2,4,13,NA,NA,6.09,5.08,19.6,19.7,28.3,28.3
2020-8-17-OS-10-9,2020,10,Gibbs Shoal,9,Marl,528,20,432,76,452,Extraction,Census,35 27.280,75 56.088,2010,8,10,1,1,2,4,11,13,2,6.09,5.08,19.6,19.7,28.3,28.3
2020-8-18-OS-01-4,2020,1,Croatan Sound,4,Marl,172,0,84,88,84,Extraction,Census,35 48.252,75 38.434,1998,8,22,1,4,3,1,10,11,1,8.4,8,8.2,14.6,28.2,28.2
2020-8-18-OS-01-5,2020,1,Croatan Sound,5,Marl,32,0,20,12,20,Extraction,Census,35 48.247,75 38.412,1998,8,22,1,4,3,1,11,11,0,8.4,8,8.2,14.6,28.2,28.2
2020-8-18-OS-01-6,2020,1,Croatan Sound,6,Marl,260,0,136,124,136,Extraction,Census,35 48.240,75 38.371,2003,4,17.33,1,4,3,1,10,11,1,8.4,8,8.2,14.6,28.2,28.2
2020-8-18-OS-01-7,2020,1,Croatan Sound,7,Shell,104,12,60,32,72,Extraction,Census,35 48.265,75 38.401,2003,4,17.33,1,4,3,1,10,11,1,8.4,8,8.2,14.6,28.2,28.2
2020-8-18-OS-01-8,2020,1,Croatan Sound,8,Shell,124,28,92,4,120,Extraction,Census,35 48.259,75 38.396,2003,4,17.33,1,0,3,1,10,11,1,8.4,8,8.2,14.6,28.2,28.2
2020-8-18-OS-01-9,2020,1,Croatan Sound,9,Shell,112,8,100,4,108,Extraction,Census,35 48.253,75 38.377,2003,4,17.33,1,0,3,1,10,10,0,8.4,8,8.2,14.6,28.2,28.2
2020-8-18-OS-05-1,2020,5,Crab Hole,1,Marl,48,0,44,4,44,Extraction,Census,35 43.641,75 40.550,2003,4,17.33,1,1,4,1,12,14,2,8.4,7.22,8.3,21.6,27.7,27.3
2020-8-18-OS-05-2,2020,5,Crab Hole,2,Marl,24,0,20,4,20,Extraction,Census,35 43.604,75 40.677,2006,3,14.42,1,2,4,1,10,14,4,8.4,7.22,8.3,21.6,27.7,27.3
2020-8-18-OS-05-3,2020,5,Crab Hole,3,Marl,336,12,188,136,200,Extraction,Census,35 43.525,75 40.712,2009,10,10.83,1,3,3,1,8,13,5,8.4,7.22,8.3,21.6,27.7,27.3
2020-8-18-OS-05-4,2020,5,Crab Hole,4,Marl,216,0,96,120,96,Extraction,Census,35 43.543,75 40.678,2009,9,10.92,1,2,3,1,10,13,3,8.4,7.22,8.3,21.6,27.7,27.3
2020-8-18-OS-05-5,2020,5,Crab Hole,5,Marl,200,4,116,80,120,Extraction,Census,35 43.595,75 40.564,2006,5,14.25,1,3,4,1,10,14,4,8.4,7.22,8.3,21.6,27.7,27.3
2020-8-18-OS-05-6,2020,5,Crab Hole,6,Marl,520,8,264,248,272,Extraction,Census,35 43.524,75 40.652,2009,10,10.83,1,3,3,1,8,14,6,8.4,7.22,8.3,21.6,27.7,27.3
2020-8-18-OS-05-7,2020,5,Crab Hole,7,Marl,44,0,28,16,28,Extraction,Census,35 43.609,75 40.662,2006,3,14.42,1,4,3,1,12,14,2,8.4,7.22,8.3,21.6,27.7,27.3
2020-8-18-OS-05-8,2020,5,Crab Hole,8,Marl,608,0,280,328,280,Extraction,Census,35 43.664,75 40.520,2003,4,17.33,1,3,3,1,10,14,4,8.4,7.22,8.3,21.6,27.7,27.3
2020-8-18-OS-13-11,2020,13,Pea Island,11,Crushed Concrete,2432,56,1672,704,1728,Extraction,Census,35 39.949,75 36.916,2015,7,5.08,4,1,2,3,14,15,1,8.65,6.31,14.3,16.7,28.5,28
2020-8-18-OS-13-6,2020,13,Pea Island,6,Crushed Concrete,476,64,320,92,384,Extraction,Census,35 39.916,75 36.914,2015,7,5.08,3,0,2,1,10,15,5,8.65,6.31,14.3,16.7,28.5,28
2021-6-28-OS-08-1,2021,8,Neuse River,1,Marl,548,16,264,268,280,Extraction,Census,35 0.460,76 32.026,2008,3,13.25,1,3,2,2,15,15,0,6.45,6.12,11.13,11.17,26.2,26
2021-6-28-OS-08-2,2021,8,Neuse River,2,Marl,312,12,84,216,96,Extraction,Census,35 0.464,76 32.006,2008,3,13.25,1,3,2,1,15,15,0,6.45,6.12,11.13,11.17,26.2,26
2021-6-28-OS-08-3,2021,8,Neuse River,3,Marl,376,8,152,216,160,Extraction,Census,35 0.391,76 32.002,2005,4,16.17,1,3,2,2,12,15,3,6.45,6.12,11.13,11.17,26.2,26
2021-6-28-OS-08-4,2021,8,Neuse River,4,Marl,500,8,156,336,164,Extraction,Census,35 0.434,76 32.046,2006,7,14.92,1,3,2,1,8,15,7,6.45,6.12,11.13,11.17,26.2,26
2021-6-29-OS-02-13-B,2021,2,Deep Bay,13-B,Shell,284,136,136,12,272,Extraction,Census,35 22.861,76 22.258,2003,6,18,4,1,4,1,8,NA,NA,6.92,6.62,9.77,9.78,28.1,28.1
2021-6-29-OS-02-14,2021,2,Deep Bay,14,Marl,8,4,4,0,8,Extraction,Census,35 22.863,76 22.208,1996,6,25,1,4,2,1,8,NA,NA,6.92,6.62,9.77,9.78,28.1,28.1
2021-6-29-OS-02-15,2021,2,Deep Bay,15,Marl,44,0,32,12,32,Extraction,Census,35 22.870,76 22.239,1996,6,25,1,4,2,NA,6,NA,NA,6.92,6.62,9.77,9.78,28.1,28.1
2021-6-29-OS-02-16-B,2021,2,Deep Bay,16-B,Marl,92,8,68,16,76,Extraction,Census,35 22.876,76 22.281,2003,6,18,1,4,4,1,8,NA,NA,6.92,6.62,9.77,9.78,28.1,28.1
2021-6-29-OS-02-5,2021,2,Deep Bay,5,Shell,36,16,20,0,36,Extraction,Census,35 22.855,76 22.303,2003,6,18,4,1,4,NA,7,NA,NA,6.92,6.62,9.77,9.78,28.1,28.1
2021-6-29-OS-02-7,2021,2,Deep Bay,7,Marl,100,4,72,24,76,Extraction,Census,35 22.869,76 22.294,2003,6,18,1,3,2,1,7,NA,NA,6.92,6.62,9.77,9.78,28.1,28.1
2021-6-29-OS-02-8,2021,2,Deep Bay,8,Shell,60,16,36,8,52,Extraction,Census,35 22.862,76 22.303,2003,6,18,4,1,4,1,7,NA,NA,6.92,6.62,9.77,9.78,28.1,28.1
2021-6-30-OS-03-10,2021,3,West Bay,10,Shell,256,8,188,60,196,Extraction,Census,34 58.785,76 21.411,2003,5,18.08,4,0,2,1,7,NA,NA,7.69,7.11,14.06,14.15,28.5,28.3
2021-6-30-OS-03-11,2021,3,West Bay,11,Shell,264,8,208,48,216,Extraction,Census,34 58.805,76 21.395,2003,5,18.08,2,3,3,1,5,NA,NA,7.69,7.11,14.06,14.15,28.5,28.3
2021-6-30-OS-03-12,2021,3,West Bay,12,Shell,184,8,136,40,144,Extraction,Census,34 58.781,76 21.408,2003,5,18.08,4,1,2,1,7,NA,NA,7.69,7.11,14.06,14.15,28.5,28.3
2021-6-30-OS-03-5,2021,3,West Bay,5,Marl,652,20,280,352,300,Extraction,Census,34 58.825,76 21.409,1996,8,24.83,3,4,3,1,7,NA,NA,7.69,7.11,14.06,14.15,28.5,28.3
2021-6-30-OS-03-6,2021,3,West Bay,6,Marl,1008,92,476,440,568,Extraction,Census,34 58.837,76 21.429,1996,8,24.83,2,2,3,3,7,NA,NA,7.69,7.11,14.06,14.15,28.5,28.3
2021-6-30-OS-03-7,2021,3,West Bay,7,Marl,188,28,120,40,148,Extraction,Census,34 58.828,76 21.400,1996,8,24.83,2,2,3,1,7,NA,NA,7.69,7.11,14.06,14.15,28.5,28.3
2021-6-30-OS-03-8,2021,3,West Bay,8,Marl,544,84,280,180,364,Extraction,Census,34 58.826,76 21.446,1996,8,24.83,2,3,3,1,8,NA,NA,7.69,7.11,14.06,14.15,28.5,28.3
2021-6-30-OS-03-9,2021,3,West Bay,9,Shell,88,4,64,20,68,Extraction,Census,34 58.815,76 21.390,2003,5,18.08,NA,NA,NA,NA,5,NA,NA,7.69,7.11,14.06,14.15,28.5,28.3
2021-7-14-OS-14-13,2021,14,Little Creek,13,Crushed Concrete,2548,40,1300,1208,1340,Extraction,Census,35 2.609,76 30.940,2016,4,5.25,4,2,3,1,12,NA,NA,7.52,2.81,12.84,14.75,28.8,27.4
2021-7-14-OS-14-14,2021,14,Little Creek,14,Crushed Concrete,1192,4,932,256,936,Extraction,Census,35 2.573,76 30.917,2016,8,4.92,3,1,4,1,14,NA,NA,7.52,2.81,12.84,14.75,28.8,27.4
2021-7-14-OS-14-15,2021,14,Little Creek,15,Crushed Concrete,1300,0,932,368,932,Extraction,Census,35 2.572,76 30.916,2016,8,4.92,1,1,3,1,14,NA,NA,7.52,2.81,12.84,14.75,28.8,27.4
2021-7-14-OS-14-16,2021,14,Little Creek,16,Crushed Concrete,1496,0,1084,412,1084,Extraction,Census,35 2.672,76 30.917,2016,3,5.33,4,1,3,1,16,NA,NA,7.52,2.81,12.84,14.75,28.8,27.4
2021-7-14-OS-14-5,2021,14,Little Creek,5,Marl,992,40,532,420,572,Extraction,Census,35 2.588,76 30.946,2016,8,4.92,2,4,2,2,9,NA,NA,7.52,2.81,12.84,14.75,28.8,27.4
2021-7-14-OS-14-6,2021,14,Little Creek,6,Marl,500,0,404,96,404,Extraction,Census,35 2.583,76 30.947,2016,8,4.92,2,4,4,3,15,NA,NA,7.52,2.81,12.84,14.75,28.8,27.4
2021-7-14-OS-14-7,2021,14,Little Creek,7,Marl,196,0,124,72,124,Extraction,Census,35 2.608,76 30.881,2016,4,5.25,1,4,2,1,15,NA,NA,7.52,2.81,12.84,14.75,28.8,27.4
2021-7-14-OS-14-8,2021,14,Little Creek,8,Marl,300,0,216,84,216,Extraction,Census,35 2.588,76 30.958,2016,8,4.92,1,3,2,2,14,NA,NA,7.52,2.81,12.84,14.75,28.8,27.4
2021-7-15-OS-14-10,2021,14,Little Creek,10,Granite,684,56,392,236,448,Extraction,Census,35 2.673,76 30.957,2016,4,5.25,1,2,2,1,11,NA,NA,7.71,4.94,13.12,14.15,29,28
2021-7-15-OS-14-11,2021,14,Little Creek,11,Granite,276,4,244,28,248,Extraction,Census,35 2.628,76 30.870,2016,8,4.92,1,1,3,1,15,NA,NA,7.71,4.94,13.12,14.15,29,28
2021-7-15-OS-14-12,2021,14,Little Creek,12,Granite,28,0,20,8,20,Extraction,Census,35 2.672,76 30.941,2016,4,5.25,1,1,3,1,18,NA,NA,7.71,4.94,13.12,14.15,29,28
2021-7-15-OS-14-9,2021,14,Little Creek,9,Granite,200,0,168,32,168,Extraction,Census,35 2.672,76 30.960,2016,4,5.25,1,1,2,1,18,NA,NA,7.71,4.94,13.12,14.15,29,28
2021-7-21-OS-14-20,2021,14,Little Creek,20,Basalt,920,72,628,220,700,Extraction,Census,35 2.611,76 30.914,2016,4,5.25,2,3,1,2,NA,NA,NA,7.33,0.65,14.83,19.98,27.7,27.9
2021-7-21-OS-14-21,2021,14,Little Creek,21,Basalt,408,28,268,112,296,Extraction,Census,35 2.572,76 30.900,2016,8,4.92,1,3,1,1,NA,NA,NA,7.33,0.65,14.83,19.98,27.7,27.9
2021-7-21-OS-14-23,2021,14,Little Creek,23,Basalt,672,28,468,176,496,Extraction,Census,35 2.562,76 30.881,2016,8,4.92,1,1,1,1,NA,NA,NA,7.33,0.65,14.83,19.98,27.7,27.9
2021-7-21-OS-15-1,2021,15,Swan Island,1,Marl,972,216,576,180,792,Extraction,Census,35 5.505,76 26.808,2019,6,2.08,2,1,2,1,9,12,3,8.32,5.8,15.3,17.18,29.1,28.3
2021-7-21-OS-15-2,2021,15,Swan Island,2,Marl,1348,68,476,804,544,Extraction,Census,35 5.520,76 26.956,2019,5,2.17,2,1,2,1,9,12,3,8.32,5.8,15.3,17.18,29.1,28.3
2021-7-21-OS-15-4,2021,15,Swan Island,4,Marl,1344,124,492,728,616,Extraction,Census,35 5.524,76 27.357,2017,5,4.17,1,4,2,1,9,13,4,8.32,5.8,15.3,17.18,29.1,28.3
2021-7-21-OS-15-5,2021,15,Swan Island,5,Marl,744,92,376,276,468,Extraction,Census,35 5.574,76 27.401,2017,6,4.08,1,3,2,1,10,14,4,8.32,5.8,15.3,17.18,29.1,28.3
2021-7-21-OS-15-6,2021,15,Swan Island,6,Marl,536,104,288,144,392,Extraction,Census,35 5.580,76 27.416,2017,6,4.08,1,4,2,1,11,14,3,8.32,5.8,15.3,17.18,29.1,28.3
2021-7-22-OS-15-3,2021,15,Swan Island,3,Marl,2840,396,828,1616,1224,Extraction,Census,35 5.549,76 26.793,2019,7,2,1,1,2,3,9,12,3,7.28,7.06,15.6,15.59,28,28
2021-7-22-OS-15-7,2021,15,Swan Island,7,Marl,3216,368,764,2084,1132,Extraction,Census,35 5.520,76 26.800,2019,6,2.08,1,1,1,2,8,12,4,7.28,7.06,15.6,15.59,28,28
2021-7-22-OS-15-8,2021,15,Swan Island,8,Marl,2416,284,764,1368,1048,Extraction,Census,35 5.575,76 26.932,2019,5,2.17,1,1,1,1,10,13,3,7.28,7.06,15.6,15.59,28,28
2021-7-27-OS-15-11,2021,15,Swan Island,11,Granite,2592,196,1144,1252,1340,Extraction,Census,35 5.561,76 27.129,2018,5,3.17,1,1,2,1,9,14,5,7.2,6.25,16.4,16.6,28.7,27.8
2021-7-27-OS-15-13,2021,15,Swan Island,13,Granite,1996,84,1004,908,1088,Extraction,Census,35 5.544,76 27.124,2018,5,3.17,2,1,2,1,10,13,3,7.2,6.25,16.4,16.6,28.7,27.8
2021-7-27-OS-15-14,2021,15,Swan Island,14,Granite,2260,124,1364,772,1488,Extraction,Census,35 5.511,76 27.121,2018,5,3.17,2,1,2,1,10,13,3,7.2,6.25,16.4,16.6,28.7,27.8
2021-7-27-OS-15-15,2021,15,Swan Island,15,Granite,2708,100,1280,1328,1380,Extraction,Census,35 5.591,76 27.064,2018,6,3.08,3,1,2,1,10,14,4,7.2,6.25,16.4,16.6,28.7,27.8
2021-7-27-OS-15-9,2021,15,Swan Island,9,Granite,1252,264,468,520,732,Extraction,Census,35 5.581,76 27.139,2018,5,3.17,3,1,2,1,11,14,3,7.2,6.25,16.4,16.6,28.7,27.8
2021-7-28-OS-10-5,2021,10,Gibbs Shoal,5,Marl,392,40,296,56,336,Extraction,Census,35 27.252,75 56.128,2011,4,10.25,1,1,3,2,15,NA,NA,7.32,6.7,17.02,18.3,28.6,28.4
2021-7-28-OS-10-6,2021,10,Gibbs Shoal,6,Marl,500,24,348,128,372,Extraction,Census,35 27.260,75 56.185,2010,9,10.83,1,3,3,2,15,NA,NA,7.32,6.7,17.02,18.3,28.6,28.4
2021-7-28-OS-10-7,2021,10,Gibbs Shoal,7,Marl,356,44,192,120,236,Extraction,Census,35 27.274,75 55.965,2010,9,10.83,1,1,3,2,15,NA,NA,7.32,6.7,17.02,18.3,28.6,28.4
2021-7-28-OS-10-8,2021,10,Gibbs Shoal,8,Marl,268,8,208,52,216,Extraction,Census,35 27.263,75 56.094,2011,3,10.33,1,2,3,2,14,14,0,7.32,6.7,17.02,18.3,28.6,28.4
2021-7-29-OS-06-1,2021,7,Middle Bay,1,Marl,16,0,16,0,16,Extraction,Census,35 14.138,76 30.202,2004,8,16.92,1,4,4,1,5,14,9,8.05,5.82,14.6,14.97,29.5,28.5
2021-7-29-OS-06-2,2021,7,Middle Bay,2,Marl,20,4,16,0,20,Extraction,Census,35 14.137,76 30.194,2004,8,16.92,1,4,4,1,4,14,10,8.05,5.82,14.6,14.97,29.5,28.5
2021-7-29-OS-06-3,2021,7,Middle Bay,3,Marl,44,0,32,12,32,Extraction,Census,35 14.143,76 30.202,2004,8,16.92,1,4,4,1,5,14,9,8.05,5.82,14.6,14.97,29.5,28.5
2021-7-29-OS-06-4,2021,7,Middle Bay,4,Marl,24,0,20,4,20,Extraction,Census,35 14.136,76 30.186,2004,8,16.92,1,4,4,1,4,14,10,8.05,5.82,14.6,14.97,29.5,28.5
2021-7-29-OS-09-5,2021,9,West Bluff,5,Marl,376,20,252,104,272,Extraction,Census,35 18.271,76 10.157,2005,8,15.92,1,2,3,3,9,NA,NA,7.42,6.49,16.02,16.43,28.2,27.9
2021-7-29-OS-09-6,2021,9,West Bluff,6,Marl,316,4,232,80,236,Extraction,Census,35 18.295,76 10.217,2006,5,15.17,1,4,2,3,11,NA,NA,7.42,6.49,16.02,16.43,28.2,27.9
2021-7-29-OS-09-7,2021,9,West Bluff,7,Marl,472,0,332,140,332,Extraction,Census,35 18.289,76 10.116,2005,8,15.92,1,2,2,NA,7,NA,NA,7.42,6.49,16.02,16.43,28.2,27.9
2021-7-29-OS-09-8,2021,9,West Bluff,8,Marl,464,4,284,176,288,Extraction,Census,35 18.262,76 10.205,2009,3,12.33,1,3,2,NA,7,NA,NA,7.42,6.49,16.02,16.43,28.2,27.9
2021-7-7-OS-12-5,2021,12,Raccoon Island,5,Crushed Concrete,592,56,332,204,388,Extraction,Census,35 5.437,76 23.501,2016,8,4.92,4,1,2,1,14,17,3,8.05,6.84,12.42,14.9,28.3,27.4
2021-7-7-OS-12-6,2021,12,Raccoon Island,6,Crushed Concrete,2116,452,944,720,1396,Extraction,Census,35 5.434,76 23.458,2016,8,4.92,4,1,2,1,14,17,3,8.05,6.84,12.42,14.9,28.3,27.4
2021-7-7-OS-12-7,2021,12,Raccoon Island,7,Crushed Concrete,3476,484,1536,1456,2020,Extraction,Census,35 5.450,76 23.486,2016,8,4.92,4,1,2,1,16,16,0,8.05,6.84,12.42,14.9,28.3,27.4
2021-7-7-OS-12-8,2021,12,Raccoon Island,8,Crushed Concrete,3676,400,1200,2076,1600,Extraction,Census,35 5.433,76 23.460,2016,8,4.92,4,1,2,1,16,17,1,8.05,6.84,12.42,14.9,28.3,27.4
2021-8-10-OS-01-1,2021,1,Croatan Sound,1,Shell,20,8,4,8,12,Extraction,Census,35 48.245,75 38.373,2003,4,18.33,1,0,4,1,10,11,1,9.05,8,4.9,12.5,28.3,27.3
2021-8-10-OS-01-11,2021,1,Croatan Sound,11,Marl,100,4,56,40,60,Extraction,Census,35 48.205,75 38.409,1996,6,25.17,1,3,3,1,8,11,3,9.05,8,4.9,12.5,28.3,27.3
2021-8-10-OS-01-12,2021,1,Croatan Sound,12,Marl,256,4,160,92,164,Extraction,Census,35 14.133,75 30.190,1998,8,23,1,3,2,1,9,11,2,9.05,8,4.9,12.5,28.3,27.3
2021-8-10-OS-01-2,2021,1,Croatan Sound,2,Shell,60,8,32,20,40,Extraction,Census,35 48.258,75 38.371,2003,4,18.33,1,1,3,1,10,11,1,9.05,8,4.9,12.5,28.3,27.3
2021-8-10-OS-01-3,2021,1,Croatan Sound,3,Shell,140,12,88,40,100,Extraction,Census,35 48.249,75 38.382,2003,4,18.33,1,1,4,1,9,10,1,9.05,8,4.9,12.5,28.3,27.3
2021-8-10-OS-01-4,2021,1,Croatan Sound,4,Shell,8,0,4,4,4,Extraction,Census,35 48.256,75 38.405,2003,4,18.33,1,0,3,1,10,11,1,9.05,8,4.9,12.5,28.3,27.3
2021-8-10-OS-01-9,2021,1,Croatan Sound,9,Marl,176,0,104,72,104,Extraction,Census,35 48.212,75 38.398,1996,6,25.17,1,3,4,1,8,11,3,9.05,8,4.9,12.5,28.3,27.3
2021-8-10-OS-05-1,2021,5,Crab Hole,1,Marl,596,4,260,332,264,Extraction,Census,35 43.571,75 40.649,2006,4,15.33,1,3,3,1,10,13,3,9.06,4.25,4.89,16.9,27.1,26.5
2021-8-10-OS-05-2,2021,5,Crab Hole,2,Marl,564,4,168,392,172,Extraction,Census,35 43.601,75 40.566,2006,4,15.33,1,3,4,1,12,14,2,9.06,4.25,4.89,16.9,27.1,26.5
2021-8-10-OS-05-3,2021,5,Crab Hole,3,Marl,328,0,140,188,140,Extraction,Census,35 43.659,75 40.657,2003,4,18.33,1,3,3,1,9,14,5,9.06,4.25,4.89,16.9,27.1,26.5
2021-8-10-OS-05-4,2021,5,Crab Hole,4,Marl,388,0,156,232,156,Extraction,Census,35 43.628,75 40.706,2009,10,11.83,1,3,2,1,11,14,3,9.06,4.25,4.89,16.9,27.1,26.5
2021-8-10-OS-05-5,2021,5,Crab Hole,5,Marl,72,0,48,24,48,Extraction,Census,35 43.587,75 40.666,2006,4,15.33,1,3,3,1,11,13,2,9.06,4.25,4.89,16.9,27.1,26.5
2021-8-10-OS-05-6,2021,5,Crab Hole,6,Marl,304,0,176,128,176,Extraction,Census,35 43.670,75 40.709,2009,11,11.75,1,3,3,1,12,14,2,9.06,4.25,4.89,16.9,27.1,26.5
2021-8-10-OS-05-7,2021,5,Crab Hole,7,Marl,248,0,168,80,168,Extraction,Census,35 43.509,75 40.738,2009,10,11.83,1,2,3,1,11,14,3,9.06,4.25,4.89,16.9,27.1,26.5
2021-8-10-OS-05-8,2021,5,Crab Hole,8,Marl,312,0,184,128,184,Extraction,Census,35 43.586,75 40.579,2006,4,15.33,1,2,3,1,12,14,2,9.06,4.25,4.89,16.9,27.1,26.5
2021-8-2-OS-15-10,2021,15,Swan Island,10,Granite,2640,180,1124,1336,1304,Extraction,Census,35 5.568,76 27.000,2018,6,3.17,2,2,2,1,9,14,5,6.37,5.93,17.77,17.7,28.3,28.3
2021-8-2-OS-15-12,2021,15,Swan Island,12,Granite,2380,164,1224,992,1388,Extraction,Census,35 5.539,76 27.004,2018,6,3.17,2,2,2,1,10,13,3,6.37,5.93,17.77,17.7,28.3,28.3
2021-8-9-OS-13-11,2021,13,Pea Island,11,Crushed Concrete,480,48,304,128,352,Extraction,Census,35 39.970,75 36.971,2015,6,6.17,3,1,2,1,14,16,2,8.39,6.01,9.91,17.29,28,26.9
2021-8-9-OS-13-12,2021,13,Pea Island,12,Crushed Concrete,2084,44,1512,528,1556,Extraction,Census,35 39.952,75 36.918,2015,7,6.08,1,4,2,2,16,NA,NA,8.39,6.01,9.91,17.29,28,26.9
2021-8-9-OS-13-9,2021,13,Pea Island,9,Crushed Concrete,804,76,476,252,552,Extraction,Census,35 40.006,75 36.961,2015,5,6.25,4,2,2,1,11,16,5,8.39,6.01,9.91,17.29,28,26.9
2022-6-14-OS-08-1,2022,8,Neuse River,1,Marl,240,12,144,84,156,Extraction,Census,35 00.403,76 31.974,2006,6,16,1,3,3,1,14,14,0,7.87,7.85,20.14,20.1,27.7,27.7
2022-6-14-OS-08-2,2022,8,Neuse River,2,Marl,364,36,224,104,260,Extraction,Census,35 00.419,76 32.017,2005,4,17.17,1,3,3,1,8,14,6,7.87,7.85,20.14,20.1,27.7,27.7
2022-6-14-OS-08-3,2022,8,Neuse River,3,Marl,340,40,224,76,264,Extraction,Census,35 00.399,76 31.996,2006,6,16,1,3,3,1,9,14,5,7.87,7.85,20.14,20.1,27.7,27.7
2022-6-14-OS-08-4,2022,8,Neuse River,4,Marl,264,12,192,60,204,Extraction,Census,35 00.461,76 31.978,2008,3,14.25,1,3,3,1,11,14,3,7.87,7.85,20.14,20.1,27.7,27.7
2022-6-20-OS-14-10,2022,14,Little Creek,10,Marl,404,4,240,160,244,Extraction,Census,35 02.620,76 30.880,2016,4,6.17,1,3,2,1,13,20,7,6.48,5.41,23.9,24.5,26.4,26.3
2022-6-20-OS-14-11,2022,14,Little Creek,11,Marl,192,8,140,44,148,Extraction,Census,35 02.589,76 30.957,2016,8,5.83,1,3,2,1,17,17,0,6.48,5.41,23.9,24.5,26.4,26.3
2022-6-20-OS-14-12,2022,14,Little Creek,12,Marl,556,36,368,152,404,Extraction,Census,35 02.600,76 30.957,2016,4,6.17,2,3,2,NA,7,20,13,6.48,5.41,23.9,24.5,26.4,26.3
2022-6-20-OS-14-9,2022,14,Little Creek,9,Marl,448,16,340,92,356,Extraction,Census,35 02.605,76 30.881,2016,4,6.17,1,3,2,NA,10,20,10,6.48,5.41,23.9,24.5,26.4,26.3
2022-6-27-OS-03-1,2022,3,West Bay,1,Marl,288,12,216,60,228,Extraction,Census,34 58.799,76 21.389,2003,6,19,1,3,3,3,6,6,0,7.12,5.76,27.1,27.2,27.6,26.8
2022-6-27-OS-03-2,2022,3,West Bay,2,Marl,316,36,232,48,268,Extraction,Census,34 58.797,76 21.446,1996,8,25.83,1,2,3,3,6,6,0,7.12,5.76,27.1,27.2,27.6,26.8
2022-6-27-OS-03-3,2022,3,West Bay,3,Marl,712,32,524,156,556,Extraction,Census,34 58.838,76 21.446,1998,8,23.83,3,2,3,3,6,6,0,7.12,5.76,27.1,27.2,27.6,26.8
2022-6-27-OS-03-4,2022,3,West Bay,4,Marl,468,32,356,80,388,Extraction,Census,34 58.792,76 21.422,2003,6,19,1,3,3,3,6,6,0,7.12,5.76,27.1,27.2,27.6,26.8
2022-6-29-OS-14-13,2022,14,Little Creek,13,Granite,864,84,628,152,712,Extraction,Census,35 02.578,76 30.825,2016,8,5.83,2,1,2,NA,14,20,6,7.2,6,24.5,24.9,26.9,27.3
2022-6-29-OS-14-14,2022,14,Little Creek,14,Granite,876,116,624,136,740,Extraction,Census,35 02.612 ,76 30.898,2016,8,5.83,4,1,2,1,12,20,8,7.18,6.01,24.5,24.9,26.9,27.3
2022-6-29-OS-14-15,2022,14,Little Creek,15,Granite,320,56,248,16,304,Extraction,Census,35 02.671,76 30.939,2016,4,6.17,1,1,2,1,16,20,4,7.2,6,24.5,24.9,26.9,27.3
2022-6-29-OS-14-16,2022,14,Little Creek,16,Granite,816,44,348,424,392,Extraction,Census,35 02.660,76 30.960,2016,8,5.83,2,2,2,1,16,20,4,7.2,6,24.5,24.9,26.9,27.3
2022-6-29-OS-14-17,2022,14,Little Creek,17,Crushed Concrete,656,60,536,60,596,Extraction,Census,35 02.649,76 30.837,2016,4,6.17,2,1,2,2,16,20,4,7.2,6,24.5,24.9,26.9,27.3
2022-6-29-OS-14-18,2022,14,Little Creek,18,Crushed Concrete,776,20,652,104,672,Extraction,Census,35 02.634,76 30.839,2016,4,6.17,3,1,2,NA,16,20,4,7.2,6,24.5,24.9,26.9,27.3
2022-6-29-OS-14-19,2022,14,Little Creek,19,Crushed Concrete,748,128,528,92,656,Extraction,Census,35 02.574,76 30.911,2016,8,5.83,1,2,2,1,12,20,8,7.2,6,24.5,24.9,26.9,27.3
2022-6-29-OS-14-2,2022,14,Little Creek,2,Basalt,360,52,240,68,292,Extraction,Census,35 02.621,76 30.916,2016,4,6.17,2,2,2,3,16,20,4,7.18,6.01,24.5,24.9,26.9,27.3
2022-6-29-OS-14-20,2022,14,Little Creek,20,Crushed Concrete,704,72,540,92,612,Extraction,Census,35 02.571,76 30.928,2016,7,5.92,3,1,2,1,16,20,4,7.2,6,24.5,24.9,26.9,27.3
2022-6-30-OS-15-1,2022,15,Swan Island,1,Marl,1352,196,820,336,1016,Extraction,Census,35 05.533,76 26.802,2019,6,3,3,1,3,2,7,15,8,7.18,6.35,25.1,26.3,26.1,26.2
2022-6-30-OS-15-2,2022,15,Swan Island,2,Marl,848,92,508,248,600,Extraction,Census,35 05.584,76 27.392,2017,6,5,1,2,3,1,10,15,5,7.18,6.35,25.1,26.3,26.1,26.2
2022-6-30-OS-15-3,2022,15,Swan Island,3,Marl,836,276,436,124,712,Extraction,Census,35 05.576,76 27.322,2017,6,5,1,1,3,1,11,15,4,7.18,6.35,25.1,26.3,26.1,26.2
2022-6-30-OS-15-4,2022,15,Swan Island,4,Marl,1172,32,892,248,924,Extraction,Census,35 05.576,76 27.421,2017,6,5,1,1,2,1,9,15,6,7.18,6.35,25.1,26.3,26.1,26.2
2022-7-12-OS-15-10,2022,15,Swan Island,10,Granite,1276,168,816,292,984,Extraction,Census,35 05.566,76 27.110,2018,5,4.17,2,1,2,1,10,14,4,7.6,5.85,24.7,25.4,27.2,27.3
2022-7-12-OS-15-11,2022,15,Swan Island,11,Granite,712,240,416,56,656,Extraction,Census,35 05.556,76 27.001,2018,6,4.08,3,1,4,1,12,12,0,7.6,5.85,24.7,25.4,27.2,27.3
2022-7-12-OS-15-12,2022,15,Swan Island,12,Granite,668,88,452,128,540,Extraction,Census,35 05.515,76 26.997,2018,6,4.08,2,1,3,1,11,11,0,7.6,5.85,24.7,25.4,27.2,27.3
2022-7-12-OS-15-13,2022,15,Swan Island,13,Granite,1860,196,1284,380,1480,Extraction,Census,35 05.563,76 26.998,2018,6,4.08,3,1,2,2,9,15,6,7.6,5.85,24.7,25.4,27.2,27.3
2022-7-12-OS-15-14,2022,15,Swan Island,14,Granite,1440,188,1012,240,1200,Extraction,Census,35 05.567,76 27.058,2018,6,4.08,3,1,2,2,10,15,5,7.6,5.85,24.7,25.4,27.2,27.3
2022-7-12-OS-15-15,2022,15,Swan Island,15,Granite,2544,184,1616,744,1800,Extraction,Census,35 05.539,76 27.073,2018,6,4.08,3,1,2,1,7,15,8,7.6,5.85,24.7,25.4,27.2,27.3
2022-7-12-OS-15-5,2022,15,Swan Island,5,Marl,1524,48,1092,384,1140,Extraction,Census,35 05.555,76 27.375,2017,6,5.08,1,1,2,1,12,15,3,7.6,5.85,24.7,25.4,27.2,27.3
2022-7-12-OS-15-6,2022,15,Swan Island,6,Marl,784,228,460,96,688,Extraction,Census,35 05.501,76 26.883,2019,6,3.08,1,1,2,1,11,15,4,7.6,5.85,24.7,25.4,27.2,27.3
2022-7-12-OS-15-7,2022,15,Swan Island,7,Marl,1456,236,836,384,1072,Extraction,Census,35 05.560,76 26.829,2019,6,3.08,3,1,2,2,11,15,4,7.6,5.85,24.7,25.4,27.2,27.3
2022-7-12-OS-15-8,2022,15,Swan Island,8,Marl,572,124,288,160,412,Extraction,Census,35 05.596,76 27.371,2020,6,2.08,1,1,2,1,11,15,4,7.6,5.85,24.7,25.4,27.2,27.3
2022-7-12-OS-15-9,2022,15,Swan Island,9,Granite,1104,44,756,304,800,Extraction,Census,35 05.504,76 27.050,2018,5,4.17,3,1,3,1,10,10,0,7.6,5.85,24.7,25.4,27.2,27.3
2022-7-20-OS-07-1,2022,7,Middle Bay,1,Marl,24,4,4,16,8,Extraction,Census,35 14.127,76 30.203,2004,8,17.92,1,4,4,2,6,6,0,7.4,6.5,24.3,24.4,27.9,27.9
2022-7-20-OS-07-2,2022,7,Middle Bay,2,Marl,176,0,32,144,32,Extraction,Census,35 14.140,76 30.185,2004,8,17.92,1,1,3,1,3,6,3,7.4,6.5,24.3,24.4,27.9,27.9
2022-7-20-OS-07-3,2022,7,Middle Bay,3,Marl,176,4,24,148,28,Extraction,Census,35 14.118,76 30.200,2004,8,17.92,1,3,3,1,3,6,3,7.4,6.5,24.3,24.4,27.9,27.9
2022-7-20-OS-07-4,2022,7,Middle Bay,4,Marl,44,4,4,36,8,Extraction,Census,35 14.138,76 30.187,2004,8,17.92,1,4,4,2,3,6,3,7.4,6.5,24.3,24.4,27.9,27.9
2022-8-18-OS-02-1,2022,2,Deep Bay,1,Marl,420,8,36,376,44,Extraction,Census,35 22.872,76 22.242,2003,6,19.17,1,2,4,1,7,8,1,9.24,8.12,25,25.1,27.1,26.2
2022-8-18-OS-02-12,2022,2,Deep Bay,12,Shell,572,36,72,464,108,Extraction,Census,35 22.860,76 22.294,2003,6,19.17,2,4,4,1,8,8,0,9.24,8.12,25,25.1,27.1,26.2
2022-8-18-OS-02-13,2022,2,Deep Bay,13,Shell,348,48,80,220,128,Extraction,Census,35 22.870,76 22.273,2003,6,19.17,1,4,4,1,8,8,0,9.24,8.12,25,25.1,27.1,26.2
2022-8-18-OS-02-14,2022,2,Deep Bay,14,Shell,320,24,76,220,100,Extraction,Census,35 22.864,76 22.275,2003,6,19.17,1,2,4,1,8,8,0,9.24,8.12,25,25.1,27.1,26.2
2022-8-18-OS-02-15,2022,2,Deep Bay,15,Shell,404,32,104,268,136,Extraction,Census,35 22.860,76 22.275,2003,6,19.17,1,3,4,1,8,8,0,9.24,8.12,25,25.1,27.1,26.2
2022-8-18-OS-02-16,2022,2,Deep Bay,16,Shell,532,40,124,368,164,Extraction,Census,35 22.864,76 22.279,2003,6,19.17,3,2,4,1,8,8,0,9.24,8.12,25,25.1,27.1,26.2
2022-8-18-OS-02-2,2022,2,Deep Bay,2,Marl,248,12,52,184,64,Extraction,Census,35 22.861,76 22.235,1996,6,26.17,1,2,4,1,8,8,0,9.24,8.12,25,25.1,27.1,26.2
2022-8-18-OS-02-3,2022,2,Deep Bay,3,Marl,348,36,60,252,96,Extraction,Census,35 22.883,76 22.289,2003,6,19.17,1,3,4,1,8,8,0,9.24,8.12,25,25.1,27.1,26.2
2022-8-18-OS-02-4,2022,2,Deep Bay,4,Marl,120,8,24,88,32,Extraction,Census,35 22.854,76 22.228,1996,6,26.17,1,1,4,1,8,8,0,9.24,8.12,25,25.1,27.1,26.2
2022-8-18-OS-02-9,2022,2,Deep Bay,9,Shell,132,12,32,88,44,Extraction,Census,35 22.865,76 22.300,2003,6,19.17,1,1,4,1,8,8,0,9.24,8.12,25,25.1,27.1,26.2
2022-8-18-OS-09-1,2022,9,West Bluff,1,Marl,2296,56,908,1332,964,Extraction,Census,35 18.240,76 10.143,2009,3,13.42,2,2,2,1,7,12,5,7.55,7.11,29.1,29.1,26.4,26.4
2022-8-18-OS-09-2,2022,9,West Bluff,2,Marl,1164,40,568,556,608,Extraction,Census,35 18.289,76 10.177,2006,5,16.25,2,2,2,2,7,12,5,7.55,7.11,29.1,29.1,26.4,26.4
2022-8-18-OS-09-3,2022,9,West Bluff,3,Marl,1292,12,568,712,580,Extraction,Census,35 18.252,76 10.250,2009,7,13.08,2,2,2,4,8,12,4,7.55,7.11,29.1,29.1,26.4,26.4
2022-8-18-OS-09-4,2022,9,West Bluff,4,Marl,432,0,100,332,100,Extraction,Census,35 18.272,76 10.097,2005,8,17,1,1,4,3,11,12,1,7.55,7.11,29.1,29.1,26.4,26.4
2022-8-24-OS-10-1,2022,10,Gibbs Shoal,1,Marl,796,36,636,124,672,Extraction,Census,35 27.296,75 56.041,2010,6,12.17,2,1,2,3,9,14,5,9.14,4.97,27.3,29.6,27.4,27.1
2022-8-24-OS-10-2,2022,10,Gibbs Shoal,2,Marl,364,24,272,68,296,Extraction,Census,35 27.244,75 56.064,2011,6,11.17,1,1,2,2,10,14,4,9.14,4.97,27.3,29.6,27.4,27.1
2022-8-24-OS-10-3,2022,10,Gibbs Shoal,3,Marl,576,8,468,100,476,Extraction,Census,35 27.277,75 56.036,2010,8,12,1,1,2,2,9,14,5,9.14,4.97,27.3,29.6,27.4,27.1
2022-8-24-OS-10-4,2022,10,Gibbs Shoal,4,Marl,468,20,372,76,392,Extraction,Census,35 27.264,75 56.149,2011,3,11.42,1,1,2,3,9,14,5,9.14,4.97,27.3,29.6,27.4,27.1
2022-8-24-OS-10-5,2022,10,Gibbs Shoal,5,Marl,864,24,740,100,764,Extraction,Census,35 27.292,75 56.140,2010,5,12.25,1,1,2,3,8,14,6,9.14,4.97,27.3,29.6,27.4,27.1
2022-8-25-OS-01-1,2022,1,Croatan Sound,1,Marl,124,0,28,96,28,Extraction,Census,35 48.215,75 38.404,1996,6,26.17,1,1,3,1,8,9,1,8.54,7.41,23.2,25.2,29,28.1
2022-8-25-OS-01-13,2022,1,Croatan Sound,13,Shell,92,0,36,56,36,Extraction,Census,35 48.258,75 38.377,2003,4,19.33,1,1,3,1,8,8,0,8.54,7.41,23.2,25.2,29,28.1
2022-8-25-OS-01-14,2022,1,Croatan Sound,14,Shell,52,4,36,12,40,Extraction,Census,35 48.254,75 38.377,2003,4,19.33,1,1,3,1,8,8,0,8.54,7.41,23.2,25.2,29,28.1
2022-8-25-OS-01-15,2022,1,Croatan Sound,15,Shell,16,0,16,0,16,Extraction,Census,35 48.244,75 38.374,2003,4,19.33,1,1,3,1,8,8,0,8.54,7.41,23.2,25.2,29,28.1
2022-8-25-OS-01-16,2022,1,Croatan Sound,16,Shell,36,4,24,8,28,Extraction,Census,35 48.256,75 38.373,2003,4,19.33,1,1,3,1,9,9,0,8.54,7.41,23.2,25.2,29,28.1
2022-8-25-OS-01-2,2022,1,Croatan Sound,2,Marl,68,0,28,40,28,Extraction,Census,35 48.244,75 38.370,2003,4,19.33,1,1,3,1,8,9,1,8.54,7.41,23.2,25.2,29,28.1
2022-8-25-OS-01-3,2022,1,Croatan Sound,3,Marl,228,0,56,172,56,Extraction,Census,35 48.266,75 38.405,1998,8,24,1,2,3,1,9,9,0,8.54,7.41,23.2,25.2,29,28.1
2022-8-25-OS-01-4,2022,1,Croatan Sound,4,Marl,80,0,36,44,36,Extraction,Census,35 48.253,75 38.402,1998,8,24,1,3,3,1,8,9,1,8.54,7.41,23.2,25.2,29,28.1
2022-8-25-OS-05-1,2022,5,Crab Hole,1,Marl,816,16,284,516,300,Extraction,Census,35 43.672,75 40.696,2009,11,12.75,1,3,2,1,9,13,4,8.2,4.07,11.4,26.8,28.6,27.2
2022-8-25-OS-05-2,2022,5,Crab Hole,2,Marl,692,4,272,416,276,Extraction,Census,35 43.543,75 40.680,2009,9,12.92,1,4,2,1,7,13,6,8.2,4.07,11.4,26.8,28.6,27.2
2022-8-25-OS-05-3,2022,5,Crab Hole,3,Marl,1024,0,196,828,196,Extraction,Census,35 43.597,75 40.671,2006,3,16.42,1,4,2,1,7,13,6,8.2,4.07,11.4,26.8,28.6,27.2
2022-8-25-OS-05-4,2022,5,Crab Hole,4,Marl,880,8,328,544,336,Extraction,Census,35 43.672,75 40.559,2009,11,12.75,1,1,3,1,11,13,2,8.2,4.07,11.4,26.8,28.6,27.2
2022-8-25-OS-05-5,2022,5,Crab Hole,5,Marl,1324,8,432,884,440,Extraction,Census,35 43.632,75 40.520,2009,10,12.83,1,2,2,1,8,13,5,8.2,4.07,11.4,26.8,28.6,27.2
2022-8-25-OS-05-6,2022,5,Crab Hole,6,Marl,672,4,92,576,96,Extraction,Census,35 43.612,75 40.606,2006,4,16.33,1,2,2,1,9,13,4,8.2,4.07,11.4,26.8,28.6,27.2
2022-8-25-OS-05-7,2022,5,Crab Hole,7,Marl,668,0,208,460,208,Extraction,Census,35 43.600,75 40.706,2006,3,16.42,1,2,2,1,6,13,7,8.2,4.07,11.4,26.8,28.6,27.2
2022-8-25-OS-05-8,2022,5,Crab Hole,8,Marl,1076,8,320,748,328,Extraction,Census,35 43.511,75 40.599,2009,10,12.83,1,3,2,1,8,13,5,8.2,4.07,11.4,26.8,28.6,27.2
2022-8-25-OS-13-5,2022,13,Pea Island,5,Crushed Concrete,1564,88,968,508,1056,Extraction,Census,35 39.947,75 36.920,2015,7,7.08,3,1,2,1,8,14,6,6.74,3.78,26.3,27.4,27.2,27.9
2022-8-25-OS-13-6,2022,13,Pea Island,6,Crushed Concrete,1288,32,672,584,704,Extraction,Census,35 40.055,75 36.970,2015,4,7.33,3,1,2,1,9,15,6,6.74,3.78,26.3,27.4,27.2,27.9
2022-8-25-OS-13-8,2022,13,Pea Island,8,Crushed Concrete,2556,88,1428,1040,1516,Extraction,Census,35 40.056,75 36.917,2015,4,7.33,4,1,2,1,10,14,4,6.74,3.78,26.3,27.4,27.2,27.9
2022-8-3-OS-16-1,2022,16,Cedar Island,1,Marl,820,4,604,212,608,Extraction,Census,35 03.222,76 22.840,2021,6,1.17,3,1,2,1,8,12,4,7.69,5.56,27,27.4,29,29.2
2022-8-3-OS-16-2,2022,16,Cedar Island,2,Marl,1816,4,1132,680,1136,Extraction,Census,35 03.228,76 22.862,2021,6,1.17,3,1,3,1,11,12,1,7.69,5.56,27,27.4,29,29.2
2022-8-3-OS-16-3,2022,16,Cedar Island,3,Marl,2016,4,1204,808,1208,Extraction,Census,35 03.252,76 22.857,2021,6,1.17,3,1,2,1,11,12,1,7.69,5.56,27,27.4,29,29.2
2022-8-3-OS-16-4,2022,16,Cedar Island,4,Marl,1300,8,844,448,852,Extraction,Census,35 03.245,76 22.797,2021,6,1.17,3,1,2,1,8,12,4,7.69,5.56,27,27.4,29,29.2
2022-8-3-OS-16-5,2022,16,Cedar Island,5,Marl,1548,0,1080,468,1080,Extraction,Census,35 03.251,76 22.812,2021,6,1.17,3,1,2,1,11,12,1,7.69,5.56,27,27.4,29,29.2
2022-8-3-OS-16-6,2022,16,Cedar Island,6,Marl,1344,0,772,572,772,Extraction,Census,35 03.195,76 22.814,2021,6,1.17,3,1,3,1,9,11,2,7.69,5.56,27,27.4,29,29.2
2022-8-3-OS-16-7,2022,16,Cedar Island,7,Marl,1576,8,1068,500,1076,Extraction,Census,35 03.205,76 22.835,2021,6,1.17,4,1,3,1,9,11,2,7.69,5.56,27,27.4,29,29.2
2022-8-3-OS-16-8,2022,16,Cedar Island,8,Marl,1524,12,840,672,852,Extraction,Census,35 03.203,76 22.777,2021,6,1.17,4,1,3,1,10,12,2,7.69,5.56,27,27.4,29,29.2
2022-8-4-OS-12-10,2022,12,Raccoon Island,10,Crushed Concrete,2052,484,852,716,1336,Extraction,Census,35 05.443,76 23.504,2013,8,9,4,1,3,2,14,14,0,6.75,7.6,27.3,20,29.8,29.4
2022-8-4-OS-12-11,2022,12,Raccoon Island,11,Crushed Concrete,1604,228,680,696,908,Extraction,Census,35 05.420,76 23.473,2014,1,8.58,2,2,2,1,10,14,4,6.75,7.6,27.3,20,29.8,29.4
2022-8-4-OS-12-12,2022,12,Raccoon Island,12,Crushed Concrete,1404,128,608,668,736,Extraction,Census,35 05.424,76 23.476,2014,1,8.58,4,1,3,2,11,14,3,6.75,7.6,27.3,20,29.8,29.4
2022-8-4-OS-12-9,2022,12,Raccoon Island,9,Crushed Concrete,1784,468,756,560,1224,Extraction,Census,35 05.436,76 23.459,2016,8,6,4,1,4,1,12,14,2,6.75,7.6,27.3,20,29.8,29.4
2023-8-1-OS-01-5,2023,1,Croatan Sound,5,Reef Ball,213,NA,NA,NA,NA,Observation,Grid,35 48.228,75 38.408,2013,12,9.67,12,0,4,1,9,10,1,9.8,5.4,15.1,24.2,28.3,27.3
2023-8-1-OS-01-6,2023,1,Croatan Sound,6,Reef Ball,213,NA,NA,NA,NA,Observation,Grid,35 48.200,75 38.355,2013,12,9.67,12,0,2,1,8,9,1,9.8,5.4,15.1,24.2,28.3,27.3
2023-8-1-OS-01-7,2023,1,Croatan Sound,7,Reef Ball,438,NA,NA,NA,NA,Observation,Grid,35 48.228,75 38.379,2013,12,9.67,28,0,2,1,8,9,1,9.8,5.4,15.1,24.2,28.3,27.3
2023-8-1-OS-01-8,2023,1,Croatan Sound,8,Reef Ball,262,NA,NA,NA,NA,Observation,Grid,35 48.231,75 38.382,2013,12,9.67,16,0,2,1,8,9,1,9.8,5.4,15.1,24.2,28.3,27.3
2023-8-1-OS-13-1,2023,13,Pea Island,1,Consolidated Concrete,1023,NA,NA,NA,NA,Observation,Grid,35 39.922,75 36.853,2015,4,8.33,56,0,2,1,7,14,7,9.3,7,21.4,24.7,28,28
2023-8-1-OS-13-2,2023,13,Pea Island,2,Consolidated Concrete,316,NA,NA,NA,NA,Observation,Grid,35 40.021,75 37.028,2015,2,8.5,20,0,2,1,13,15,2,9.3,7,21.4,24.7,28,28
2023-8-1-OS-13-3,2023,13,Pea Island,3,Consolidated Concrete,213,NA,NA,NA,NA,Observation,Grid,35 40.051,75 37.023,2015,1,8.58,12,0,2,1,3,14,11,9.3,7,21.4,24.7,28,28
2023-8-1-OS-13-4,2023,13,Pea Island,4,Consolidated Concrete,507,NA,NA,NA,NA,Observation,Grid,35 40.051,75 37.023,2015,2,8.5,32,0,2,1,13,15,2,9.3,7,21.4,24.7,28,28
2023-8-1-OS-13-9,2023,13,Pea Island,9,Reef Ball,316,NA,NA,NA,NA,Observation,Grid,35 39.929,75 37.019,2015,10,7.83,20,5,2,1,12,15,3,9.3,7,21.4,24.7,28,28
2023-8-1-OS-13-10,2023,13,Pea Island,10,Reef Ball,1023,NA,NA,NA,NA,Observation,Grid,35 40.061,75 36.862,2015,7,8.08,56,0,2,1,13,14,1,9.3,7,21.4,24.7,28,28
2023-8-1-OS-13-11,2023,13,Pea Island,11,Reef Ball,1023,NA,NA,NA,NA,Observation,Grid,35 40.040,75 36.850,2015,7,8.08,56,8,2,1,13,14,1,9.3,7,21.4,24.7,28,28
2023-8-1-OS-13-12,2023,13,Pea Island,12,Reef Ball,580,NA,NA,NA,NA,Observation,Grid,35 39.954,75 37.026,2015,8,8,36,0,2,1,13,14,1,9.3,7,21.4,24.7,28,28
2023-7-31-OS-10-6,2023,10,Gibbs Shoal,6,Reef Ball,1349,NA,NA,NA,NA,Observation,Grid,35 27.231,75 55.977,2012,2,11.42,68,0,3,1,10,14,4,7.9,6.5,25.6,25,28.6,28.7
2023-7-31-OS-10-7,2023,10,Gibbs Shoal,7,Reef Ball,1235,NA,NA,NA,NA,Observation,Grid,35 27.142,75 56.035,2013,2,10.42,64,0,3,1,13,14,1,7.9,6.5,25.6,25,28.6,28.7
2023-7-31-OS-10-8,2023,10,Gibbs Shoal,8,Reef Ball,1235,NA,NA,NA,NA,Observation,Grid,35 27.167,75 56.088,2012,9,10.83,64,0,3,1,12,14,2,7.9,6.5,25.6,25,28.6,28.7
2023-7-31-OS-10-9,2023,10,Gibbs Shoal,9,Reef Ball,831,NA,NA,NA,NA,Observation,Grid,35 27.200,75 56.140,2012,6,11.08,48,0,3,1,13,14,1,7.9,6.5,25.6,25,28.6,28.7
2023-7-31-OS-11-1,2023,11,Long Shoal,1,Reef Ball,1853,NA,NA,NA,NA,Observation,Grid,35 33.830,75 49.836,2013,7,10,84,4,3,1,11,14,3,NA,NA,NA,NA,NA,NA
2023-7-31-OS-11-2,2023,11,Long Shoal,2,Reef Ball,1992,NA,NA,NA,NA,Observation,Grid,35 33.808,75 49.783,2013,8,9.92,88,8,4,1,10,14,4,NA,NA,NA,NA,NA,NA
2023-7-31-OS-11-3,2023,11,Long Shoal,3,Reef Ball,1467,NA,NA,NA,NA,Observation,Grid,35 33.787,75 49.880,2013,8,9.92,72,4,4,1,12,14,2,NA,NA,NA,NA,NA,NA
2023-7-31-OS-11-4,2023,11,Long Shoal,4,Reef Ball,1467,NA,NA,NA,NA,Observation,Grid,35 33.823,75 49.786,2013,7,10,72,16,3,1,11,14,3,NA,NA,NA,NA,NA,NA
2023-7-25-OS-09-5,2023,9,West Bluff,5,Reef Ball,262,NA,NA,NA,NA,Observation,Grid,35 18.235,76 10.265,2013,6,10.08,16,0,2,1,11,12,1,5.8,4.8,24.1,24.3,29.1,29.1
2023-7-25-OS-09-6,2023,9,West Bluff,6,Reef Ball,580,NA,NA,NA,NA,Observation,Grid,35 18.236,76 10.241,2013,6,10.08,36,0,2,1,11,12,1,5.8,4.8,24.1,24.3,29.1,29.1
2023-7-25-OS-09-7,2023,9,West Bluff,7,Reef Ball,262,NA,NA,NA,NA,Observation,Grid,35 18.243,76 10.212,2013,6,10.08,16,0,2,1,11,13,2,5.8,4.8,24.1,24.3,29.1,29.1
2023-7-25-OS-09-8,2023,9,West Bluff,8,Reef Ball,316,NA,NA,NA,NA,Observation,Grid,35 18.238,76 10.269,2013,6,10.08,20,0,2,1,11,12,1,5.8,4.8,24.1,24.3,29.1,29.1
2023-7-17-OS-16-9,2023,16,Cedar Island,9,Crushed Concrete,1467,NA,NA,NA,NA,Observation,Grid,35 3.217,76 22.621 ,2021,7,2,72,4,3,1,13,14,1,7.85,7.1,23.2,23.4,28.9,29.3
2023-7-17-OS-16-10,2023,16,Cedar Island,10,Crushed Concrete,1127,NA,NA,NA,NA,Observation,Grid,35 3.199,76 22.683,2021,7,2,60,0,3,1,11,12,1,7.85,7.1,23.2,23.4,28.9,29.3
2023-7-17-OS-16-11,2023,16,Cedar Island,11,Crushed Concrete,2284,NA,NA,NA,NA,Observation,Grid,35 3.244,76 22.679,2021,7,2,96,4,2,1,10,14,4,7.85,7.1,23.2,23.4,28.9,29.3
2023-7-17-OS-16-12,2023,16,Cedar Island,12,Crushed Concrete,1720,NA,NA,NA,NA,Observation,Grid,35 3.191,76 22.640,2021,7,2,80,0,3,1,13,13,0,7.85,7.1,23.2,23.4,28.9,29.3
2023-6-28-OS-14-1,2023,14,Little Creek,1,Basalt,316,NA,NA,NA,NA,Observation,Grid,35 2.563,76 30.896,2016,8,6.83,20,28,2,1,15,22,7,7.89,5.19,21,20.8,27.6,26.5
2023-6-28-OS-14-2,2023,14,Little Creek,2,Basalt,925,NA,NA,NA,NA,Observation,Grid,35 2.577,76 30.881,2016,8,6.83,52,24,2,1,13,22,9,7.89,5.19,21,20.8,27.6,26.5
2023-6-28-OS-14-3,2023,14,Little Creek,3,Basalt,374,NA,NA,NA,NA,Observation,Grid,35 2.562,76 30.880,2016,8,6.83,24,12,2,1,18,22,4,7.89,5.19,21,20.8,27.6,26.5
2023-6-28-OS-14-4,2023,14,Little Creek,4,Basalt,1720,NA,NA,NA,NA,Observation,Grid,35 2.606,76 30.907,2016,4,7.17,80,12,2,1,11,22,11,7.89,5.19,21,20.8,27.6,26.5
2023-6-28-OS-14-5,2023,14,Little Creek,5,Reef Ball,97,NA,NA,NA,NA,Observation,Grid,35 2.663,76 30.892,2016,2,7.33,0,4,3,1,19,22,3,7.89,5.19,21,20.8,27.6,26.5
2023-6-28-OS-14-6,2023,14,Little Creek,6,Reef Ball,97,NA,NA,NA,NA,Observation,Grid,35 2.658,76 30.887,2016,2,7.33,0,8,3,1,19,22,3,7.89,5.19,21,20.8,27.6,26.5
2023-6-28-OS-14-7,2023,14,Little Creek,7,Reef Ball,97,NA,NA,NA,NA,Observation,Grid,35 2.665,76 30.822,2016,2,7.33,0,16,2,1,18,22,4,7.89,5.19,21,20.8,27.6,26.5
2023-6-28-OS-14-8,2023,14,Little Creek,8,Reef Ball,97,NA,NA,NA,NA,Observation,Grid,35 2.587,76 30.831,2016,6,7,0,20,1,1,19,19,0,7.89,5.19,21,20.8,27.6,26.5
2023-6-28-OS-14-21,2023,14,Little Creek,21,Consolidated Concrete,131,NA,NA,NA,NA,Observation,Grid,35 2.577,76 30.852,2016,6,7,4,0,2,1,16,18,2,9.9,5.75,20.9,23.2,27.5,26.1
2023-6-28-OS-14-22,2023,14,Little Creek,22,Consolidated Concrete,97,NA,NA,NA,NA,Observation,Grid,35 2.565,76 30.849,2016,6,7,0,0,2,1,18,20,2,9.9,5.75,20.9,23.2,27.5,26.1
2023-6-28-OS-14-23,2023,14,Little Creek,23,Consolidated Concrete,97,NA,NA,NA,NA,Observation,Grid,35 2.663,76 30.847,2016,1,7.42,0,0,2,1,18,22,4,9.9,5.75,20.9,23.2,27.5,26.1
2023-6-28-OS-14-24,2023,14,Little Creek,24,Consolidated Concrete,213,NA,NA,NA,NA,Observation,Grid,35 2.612,76 30.811,2016,6,7,12,0,2,1,14,20,6,9.9,5.75,20.9,23.2,27.5,26.1
2023-6-20-OS-03-5,2023,3,West Bay,5,Reef Ball,2135,NA,NA,NA,NA,Observation,Grid,34 58.814,76 21.433,2014,12,8.5,92,4,3,1,6,7,1,8.5,7.3,23,23.1,25.9,25.9
2023-6-20-OS-03-6,2023,3,West Bay,6,Reef Ball,2284,NA,NA,NA,NA,Observation,Grid,34 58.811,76 21.432,2014,12,8.5,96,4,3,1,6,7,1,8.5,7.3,23,23.1,25.9,25.9
2023-6-20-OS-03-7,2023,3,West Bay,7,Reef Ball,2437,NA,NA,NA,NA,Observation,Grid,34 58.822,76 21.430,2014,12,8.5,100,0,3,1,7,8,1,8.5,7.3,23,23.1,25.9,25.9
2023-6-20-OS-03-8,2023,3,West Bay,8,Reef Ball,2284,NA,NA,NA,NA,Observation,Grid,34 58.825,76 21.434,2014,12,8.5,96,0,3,1,7,8,1,8.5,7.3,23,23.1,25.9,25.9
2023-6-19-OS-12-1,2023,12,Raccoon Island,1,Reef Ball,1591,NA,NA,NA,NA,Observation,Grid,35 5.404,76 23.508,2013,10,9.67,76,24,2,1,13,15,2,NA,NA,NA,NA,NA,NA
2023-6-19-OS-12-2,2023,12,Raccoon Island,2,Reef Ball,1720,NA,NA,NA,NA,Observation,Grid,35 5.436,76 23.531,2013,9,9.75,80,16,2,1,13,16,3,NA,NA,NA,NA,NA,NA
2023-6-19-OS-12-3,2023,12,Raccoon Island,3,Reef Ball,1591,NA,NA,NA,NA,Observation,Grid,35 5.463,76 23.438,2013,9,9.75,76,4,2,1,14,17,3,NA,NA,NA,NA,NA,NA
2023-6-19-OS-12-4,2023,12,Raccoon Island,4,Reef Ball,2135,NA,NA,NA,NA,Observation,Grid,35 5.424,76 23.489,2013,10,9.67,92,8,2,1,13,16,3,NA,NA,NA,NA,NA,NA
2023-6-19-OS-12-5,2023,12,Raccoon Island,5,Consolidated Concrete,1023,NA,NA,NA,NA,Observation,Grid,35 5.376,76 23.528,2014,3,9.25,56,0,2,1,13,15,2,NA,NA,NA,NA,NA,NA
2023-6-19-OS-12-6,2023,12,Raccoon Island,6,Consolidated Concrete,1467,NA,NA,NA,NA,Observation,Grid,35 5.459,76 23.429,2014,3,9.25,72,8,2,1,16,17,1,NA,NA,NA,NA,NA,NA
2023-6-19-OS-12-7,2023,12,Raccoon Island,7,Consolidated Concrete,831,NA,NA,NA,NA,Observation,Grid,35 5.456,76 23.515,2014,3,9.25,48,0,2,1,16,16,0,NA,NA,NA,NA,NA,NA
2023-6-19-OS-12-8,2023,12,Raccoon Island,8,Consolidated Concrete,507,NA,NA,NA,NA,Observation,Grid,35 5.402,76 23.454,2016,9,6.75,32,0,2,1,16,16,0,NA,NA,NA,NA,NA,NA
2023-5-31-OS-02-5,2023,2,Deep Bay,5,Reef Ball,213,NA,NA,NA,NA,Observation,Grid,35 22.834,76 22.285,2014,11,8.5,12,48,4,1,6,8,2,9.1,8.61,21.9,21.9,21.3,21.2
2023-5-31-OS-02-6,2023,2,Deep Bay,6,Reef Ball,131,NA,NA,NA,NA,Observation,Grid,35 22.839,76 22.298,2014,11,8.5,4,24,4,1,7,9,2,9.1,8.61,21.9,21.9,21.3,21.2
2023-5-31-OS-02-7,2023,2,Deep Bay,7,Reef Ball,374,NA,NA,NA,NA,Observation,Grid,35 22.824,76 22.259,2014,11,8.5,24,44,4,1,6,9,3,9.1,8.61,21.9,21.9,21.3,21.2
2023-5-31-OS-02-8,2023,2,Deep Bay,8,Reef Ball,438,NA,NA,NA,NA,Observation,Grid,35 22.833,76 22.293,2014,11,8.5,28,60,4,1,6,8,2,9.1,8.61,21.9,21.9,21.3,21.2
2023-5-31-OS-02-1,2023,2,Deep Bay,1,Marl,288,76,208,4,284,Extraction,Census,35 22.875,76 22.270,2003,6,19.92,32,12,3,2,7,8,1,9.1,8.61,21.9,21.9,21.3,21.2
2023-5-31-OS-02-2,2023,2,Deep Bay,2,Marl,388,40,312,36,352,Extraction,Census,35 22.877,76 22.245,2003,6,19.92,16,44,3,2,7,8,1,9.1,8.61,21.9,21.9,21.3,21.2
2023-5-31-OS-02-3,2023,2,Deep Bay,3,Marl,52,8,36,8,44,Extraction,Census,35 22.877,76 22.231,2003,6,19.92,4,32,3,1,7,8,1,9.1,8.61,21.9,21.9,21.3,21.2
2023-5-31-OS-02-4,2023,2,Deep Bay,4,Marl,192,0,176,16,176,Extraction,Census,35 22.850,76 22.232,1996,6,26.92,4,32,3,1,6,8,2,9.1,8.61,21.9,21.9,21.3,21.2
2023-6-13-OS-07-1,2023,7,Middle Bay,1,Marl,92,4,76,12,80,Extraction,Census,35 14.139,76 30.214,2004,8,18.83,NA,NA,4,1,6,8,2,9.98,8.6,21.3,21.3,25.4,25.2
2023-6-13-OS-07-2,2023,7,Middle Bay,2,Marl,348,8,300,40,308,Extraction,Census,35 14.143,76 30.206,2004,8,18.83,NA,NA,4,1,NA,NA,NA,9.98,8.6,21.3,21.3,25.4,25.2
2023-6-13-OS-07-3,2023,7,Middle Bay,3,Marl,228,4,184,40,188,Extraction,Census,35 14.133,76 30.190,2004,8,18.83,NA,NA,4,1,NA,NA,NA,9.98,8.6,21.3,21.3,25.4,25.2
2023-6-13-OS-07-4,2023,7,Middle Bay,4,Marl,240,0,212,28,212,Extraction,Census,35 14.133,76 30.206,2004,8,18.83,NA,NA,4,1,NA,NA,NA,9.98,8.6,21.3,21.3,25.4,25.2
2023-6-19-OS-12-10,2023,12,Raccoon Island,10,Crushed Concrete,2508,368,1420,720,1788,Extraction,Subsample,35 5.450,76 23.488,2016,8,6.83,92,0,2,2,9,15,6,NA,NA,NA,NA,NA,NA
2023-6-19-OS-12-11,2023,12,Raccoon Island,11,Crushed Concrete,1896,356,880,660,1236,Extraction,Subsample,35 5.439,76 23.502,2016,8,6.83,100,0,2,1,13,15,2,NA,NA,NA,NA,NA,NA
2023-6-19-OS-12-12,2023,12,Raccoon Island,12,Crushed Concrete,2220,348,1236,636,1584,Extraction,Subsample,35 5.418,76 23.470,2014,1,9.42,96,0,2,2,10,15,5,NA,NA,NA,NA,NA,NA
2023-6-19-OS-12-9,2023,12,Raccoon Island,9,Crushed Concrete,1056,220,636,200,856,Extraction,Census,35 5.437,76 23.482,2016,8,6.83,88,0,2,2,15,15,0,NA,NA,NA,NA,NA,NA
2023-6-20-OS-03-1,2023,3,West Bay,1,Marl,1308,356,700,252,1056,Extraction,Census,34 58.830,76 21.454,1996,9,26.75,64,0,3,2,7,8,1,8.5,7.3,23,23.1,25.9,25.9
2023-6-20-OS-03-2,2023,3,West Bay,2,Marl,1044,440,476,128,916,Extraction,Census,34 58.809,76 21.450,1996,9,26.75,76,0,3,2,7,7,0,8.5,7.3,23,23.1,25.9,25.9
2023-6-20-OS-03-3,2023,3,West Bay,3,Marl,1224,132,800,292,932,Extraction,Census,34 58.802,76 21.446,1996,9,26.75,64,8,3,3,7,7,0,8.5,7.3,23,23.1,25.9,25.9
2023-6-20-OS-03-4,2023,3,West Bay,4,Marl,1080,124,688,268,812,Extraction,Census,34 58.789,76 21.420,2003,6,20,56,8,3,2,6,7,1,8.5,7.3,23,23.1,25.9,25.9
2023-6-28-OS-14-10,2023,14,Little Creek,10,Marl,856,24,628,204,652,Extraction,Census,35 2.595,76 30.939,2016,4,7.17,40,20,2,1,10,22,12,7.89,5.19,21,20.8,27.6,26.5
2023-6-28-OS-14-11,2023,14,Little Creek,11,Marl,1320,40,824,456,864,Extraction,Census,35 2.595,76 30.944,2016,8,6.83,48,20,2,1,12,22,10,7.89,5.19,21,20.8,27.6,26.5
2023-6-28-OS-14-12,2023,14,Little Creek,12,Marl,984,76,728,180,804,Extraction,Census,35 2.610,76 30.885,2016,4,7.17,NA,NA,NA,NA,NA,22,NA,7.89,5.19,21,20.8,27.6,26.5
2023-6-28-OS-14-13,2023,14,Little Creek,13,Granite,600,40,328,232,368,Extraction,Census,35 2.676,76 30.941,2016,4,7.17,24,8,2,1,15,22,7,7.89,5.19,21,20.8,27.6,26.5
2023-6-28-OS-14-14,2023,14,Little Creek,14,Granite,1332,0,824,508,824,Extraction,Census,35 2.559,76 30.837,2016,8,6.83,36,0,2,1,19,22,3,7.89,5.19,21,20.8,27.6,26.5
2023-6-28-OS-14-15,2023,14,Little Creek,15,Granite,332,32,264,36,296,Extraction,Census,35 2.611,76 30.863,2016,8,6.83,56,0,2,1,8,22,14,7.89,5.19,21,20.8,27.6,26.5
2023-6-28-OS-14-16,2023,14,Little Creek,16,Granite,1780,292,1200,288,1492,Extraction,Census,35 2.611,76 30.863,2016,9,6.75,88,4,2,1,14,22,8,7.89,5.19,21,20.8,27.6,26.5
2023-6-28-OS-14-17,2023,14,Little Creek,17,Crushed Concrete,1712,164,1200,348,1364,Extraction,Census,35 2.623,76 30.942,2016,4,7.17,64,16,2,1,14,22,8,9.9,5.75,20.9,23.2,27.5,26.1
2023-6-28-OS-14-18,2023,14,Little Creek,18,Crushed Concrete,1436,104,1012,320,1116,Extraction,Census,35 2.671,76 30.914,2016,3,7.25,80,16,2,1,18,22,4,9.9,5.75,20.9,23.2,27.5,26.1
2023-6-28-OS-14-19,2023,14,Little Creek,19,Crushed Concrete,2212,268,1476,468,1744,Extraction,Subsample,35 2.564,76 30.929,2016,8,6.83,96,4,2,2,14,22,8,9.9,5.75,20.9,23.2,27.5,26.1
2023-6-28-OS-14-20,2023,14,Little Creek,20,Crushed Concrete,2076,280,1436,360,1716,Extraction,Subsample,35 2.674,76 30.933,2016,3,7.25,76,12,2,1,15,22,7,9.9,5.75,20.9,23.2,27.5,26.1
2023-6-28-OS-14-9,2023,14,Little Creek,9,Marl,940,68,680,192,748,Extraction,Census,35 2.587,76 30.956,2016,8,6.83,60,52,2,1,15,22,7,7.89,5.19,21,20.8,27.6,26.5
2023-6-5-OS-08-1,2023,8,Neuse River,1,Marl,744,60,520,164,580,Extraction,Census,35 0.432,76 31.980,2006,6,17,52,36,2,1,9,12,3,NA,NA,20.6,21.6,21.6,20.7
2023-6-5-OS-08-2,2023,8,Neuse River,2,Marl,984,68,732,184,800,Extraction,Census,35 0.426,76 32.027,2005,4,18.17,44,24,2,3,11,12,1,NA,NA,20.6,21.6,21.6,20.7
2023-6-5-OS-08-3,2023,8,Neuse River,3,Marl,572,100,416,56,516,Extraction,Census,35 0.432,76 31.980,2006,7,16.92,48,4,3,1,12,12,0,NA,NA,20.6,21.6,21.6,20.7
2023-6-5-OS-08-4,2023,8,Neuse River,4,Marl,936,144,684,108,828,Extraction,Census,35 0.473,76 31.973,2008,3,15.25,60,20,2,1,11,13,2,NA,NA,20.6,21.6,21.6,20.7
2023-7-10-OS-15-1,2023,15,Swan Island,1,Marl,3428,80,1960,1388,2040,Extraction,Subsample,35 5.514 ,76 26.827,2019,6,4.08,72,12,2,2,8,12,4,7.54,7.4,21,21,28.7,28.7
2023-7-10-OS-15-2,2023,15,Swan Island,2,Marl,2380,68,1760,552,1828,Extraction,Subsample,35 5.537 ,76 27.410,2017,5,6.17,76,8,2,2,8,9,1,7.54,7.4,21,21,28.7,28.7
2023-7-10-OS-15-3,2023,15,Swan Island,3,Marl,1188,48,684,456,732,Extraction,Census,35 5.525 ,76 27.226,2017,5,6.17,44,0,2,1,10,12,2,7.54,7.4,21,21,28.7,28.7
2023-7-10-OS-15-4,2023,15,Swan Island,4,Marl,3040,60,2024,956,2084,Extraction,Subsample,35 5.562 ,76 27.214,2017,6,6.08,72,16,2,2,10,13,3,7.54,7.4,21,21,28.7,28.7
2023-7-10-OS-15-5,2023,15,Swan Island,5,Marl,2732,156,1856,720,2012,Extraction,Subsample,35 5.546 ,76 26.969,2019,5,4.17,80,4,2,3,7,12,5,7.54,7.4,21,21,28.7,28.7
2023-7-10-OS-15-6,2023,15,Swan Island,6,Marl,1264,84,864,316,948,Extraction,Census,35 5.572 ,76 27.262,2017,6,6.08,80,0,2,1,12,13,1,7.54,7.4,21,21,28.7,28.7
2023-7-10-OS-15-7,2023,15,Swan Island,7,Marl,1936,220,1068,648,1288,Extraction,Subsample,35 5.510 ,76 26.856,2019,6,4.08,64,0,2,1,10,12,2,7.54,7.4,21,21,28.7,28.7
2023-7-10-OS-15-8,2023,15,Swan Island,8,Marl,1752,100,1152,500,1252,Extraction,Subsample,35 5.571 ,76 27.351,2017,6,6.08,80,8,2,2,10,11,1,7.54,7.4,21,21,28.7,28.7
2023-7-11-OS-15-10,2023,15,Swan Island,10,Granite,636,140,376,120,516,Extraction,Census,35 5.567 ,76 27.061,2018,6,5.08,88,0,3,1,13,14,1,8.5,5.1,21,21.2,28.7,28.7
2023-7-11-OS-15-11,2023,15,Swan Island,11,Granite,4444,224,2740,1480,2964,Extraction,Subsample,35 5.545 ,76 27.068,2018,6,5.08,84,4,2,3,8,13,5,8.5,5.1,21,21.2,28.7,28.7
2023-7-11-OS-15-12,2023,15,Swan Island,12,Granite,2896,240,1724,932,1964,Extraction,Subsample,35 5.563 ,76 27.004,2018,6,5.08,100,0,3,1,11,14,3,8.5,5.1,21,21.2,28.7,28.7
2023-7-11-OS-15-13,2023,15,Swan Island,13,Granite,2956,316,1368,1272,1684,Extraction,Subsample,35 5.583 ,76 27.112,2018,5,5.17,100,0,3,2,11,14,3,8.5,5.1,21,21.2,28.7,28.7
2023-7-11-OS-15-14,2023,15,Swan Island,14,Granite,3344,248,1788,1308,2036,Extraction,Subsample,35 5.529 ,76 27.008,2018,6,5.08,88,12,2,3,10,14,4,8.5,5.1,21,21.2,28.7,28.7
2023-7-11-OS-15-15,2023,15,Swan Island,15,Granite,2788,56,1620,1112,1676,Extraction,Subsample,35 5.517 ,76 27.072,2018,5,5.17,96,0,2,2,10,14,4,8.5,5.1,21,21.2,28.7,28.7
2023-7-11-OS-15-9,2023,15,Swan Island,9,Granite,3540,260,1848,1432,2108,Extraction,Subsample,35 5.519 ,76 26.998,2018,6,5.08,88,12,2,3,8,14,6,8.5,5.1,21,21.2,28.7,28.7
2023-7-17-OS-16-2,2023,16,Cedar Island,2,Marl,2312,352,1396,564,1748,Extraction,Subsample,35 3.254,76 22.782,2021,6,2.08,100,0,2,1,10,13,3,7.85,7.1,23.2,23.4,28.9,29.3
2023-7-17-OS-16-3,2023,16,Cedar Island,3,Marl,3228,4,2156,1068,2160,Extraction,Subsample,35 3.281,76 22.686,2022,7,1,64,8,2,3,11,12,1,7.85,7.1,23.2,23.4,28.9,29.3
2023-7-17-OS-16-4,2023,16,Cedar Island,4,Marl,2540,596,1396,548,1992,Extraction,Subsample,35 3.260,76 22.806,2021,6,2.08,92,0,3,1,12,13,1,7.85,7.1,23.2,23.4,28.9,29.3
2023-7-17-OS-16-5,2023,16,Cedar Island,5,Marl,1388,208,692,488,900,Extraction,Census,35 3.220,76 22.797,2021,6,2.08,88,0,2,1,12,13,1,7.85,7.1,23.2,23.4,28.9,29.3
2023-7-17-OS-16-7,2023,16,Cedar Island,7,Marl,2344,392,1132,820,1524,Extraction,Subsample,35 3.239,76 22.816,2021,6,2.08,100,0,2,"2,3",9,13,4,7.85,7.1,23.2,23.4,28.9,29.3
2023-7-18-OS-16-1,2023,16,Cedar Island,1,Marl,1716,8,1020,688,1028,Extraction,Subsample,35 3.360,76 22.772,2022,7,1,88,0,3,1,12,13,1,7.85,7.1,23.2,23.4,28.9,29.3
2023-7-18-OS-16-6,2023,16,Cedar Island,6,Marl,1708,44,1144,520,1188,Extraction,Subsample,35 3.293,76 22.864,2022,6,1.08,88,0,3,1,11,13,2,7.85,7.1,23.2,23.4,28.9,29.3
2023-7-18-OS-16-8,2023,16,Cedar Island,8,Marl,2312,156,1644,512,1800,Extraction,Subsample,35 3.281,76 22.686,2022,6,1.08,100,0,3,1,11,13,2,7.85,7.1,23.2,23.4,28.9,29.3
2023-7-25-OS-09-1,2023,9,West Bluff,1,Marl,1700,232,892,576,1124,Extraction,Subsample,35 18.263,76 10.220,2005,11,17.67,56,12,2,4,7,10,3,5.8,4.8,24.1,24.3,29.1,29.1
2023-7-25-OS-09-2,2023,9,West Bluff,2,Marl,336,24,252,60,276,Extraction,Census,35 18.272,76 10.220,2008,7,15,24,0,2,4,12,12,0,5.8,4.8,24.1,24.3,29.1,29.1
2023-7-25-OS-09-3,2023,9,West Bluff,3,Marl,432,28,312,92,340,Extraction,Census,35 18.263,76 10.256,2009,3,14.33,44,8,2,4,10,12,2,5.8,4.8,24.1,24.3,29.1,29.1
2023-7-25-OS-09-4,2023,9,West Bluff,4,Marl,780,36,544,200,580,Extraction,Census,35 18.297,76 10.171,2006,5,17.17,48,12,2,4,7,10,3,5.8,4.8,24.1,24.3,29.1,29.1
2023-7-31-OS-10-1,2023,10,Gibbs Shoal,1,Marl,76,20,52,4,72,Extraction,Census,35 27.264,75 56.109,2011,3,12.33,NA,NA,3,1,10,14,4,7.9,6.5,25.6,25,28.6,28.7
2023-7-31-OS-10-2,2023,10,Gibbs Shoal,2,Marl,264,40,220,4,260,Extraction,Census,35 27.256,75 56.126,2011,4,12.25,NA,NA,NA,3,10,14,4,7.9,6.5,25.6,25,28.6,28.7
2023-7-31-OS-10-3,2023,10,Gibbs Shoal,3,Marl,168,56,96,16,152,Extraction,Census,35 27.261,75 55.987,2011,3,12.33,56,0,3,3,9,14,5,7.9,6.5,25.6,25,28.6,28.7
2023-7-31-OS-10-4,2023,10,Gibbs Shoal,4,Marl,260,48,212,0,260,Extraction,Census,35 27.292,75 55.968,2010,7,13,36,0,3,1,7,14,7,7.9,6.5,25.6,25,28.6,28.7
2023-7-31-OS-10-5,2023,10,Gibbs Shoal,5,Marl,204,24,144,36,168,Extraction,Census,35 27.312,75 56.008,2010,1,13.5,44,NA,3,1,12,14,2,7.9,6.5,25.6,25,28.6,28.7
2023-8-1-OS-01-1,2023,1,Croatan Sound,1,Marl,308,12,176,120,188,Extraction,Census,35 48.263,75 38.421,1998,8,25,32,12,4,1,9,9,0,9.8,5.4,15.1,24.2,28.3,27.3
2023-8-1-OS-01-2,2023,1,Croatan Sound,2,Marl,124,36,60,28,96,Extraction,Census,35 48.203,75 38.396,1996,6,27.17,32,12,2,1,9,9,0,9.8,5.4,15.1,24.2,28.3,27.3
2023-8-1-OS-01-3,2023,1,Croatan Sound,3,Marl,116,24,40,52,64,Extraction,Census,35 48.234,75 38.436,1996,6,27.17,12,12,4,1,7,9,2,9.8,5.4,15.1,24.2,28.3,27.3
2023-8-1-OS-01-4,2023,1,Croatan Sound,4,Marl,592,24,408,160,432,Extraction,Census,35 48.248,75 38.426,1998,8,25,52,12,4,1,9,9,0,9.8,5.4,15.1,24.2,28.3,27.3
2023-8-1-OS-13-5,2023,13,Pea Island,5,Crushed Concrete,1112,176,640,296,816,Extraction,Census,35 39.917,75 36.962,2015,7,8.08,92,4,2,1,12,13,1,9.3,7,21.4,24.7,28,28
2023-8-1-OS-13-6,2023,13,Pea Island,6,Crushed Concrete,1532,284,816,432,1100,Extraction,Census,35 40.036,75 36.958,2015,4,8.33,88,0,2,2,9,15,6,9.3,7,21.4,24.7,28,28
2023-8-1-OS-13-7,2023,13,Pea Island,7,Crushed Concrete,1056,168,636,252,804,Extraction,Census,35 39.972,75 36.967,2015,6,8.17,96,0,2,1,12,15,3,9.3,7,21.4,24.7,28,28
2023-8-1-OS-13-8,2023,13,Pea Island,8,Crushed Concrete,1204,192,724,288,916,Extraction,Census,35 39.972,75 36.967,2015,4,8.33,92,0,2,2,13,14,1,9.3,7,21.4,24.7,28,28
2023-8-24-OS-05-1,2023,5,Crab Hole,1,Marl,892,8,448,436,456,Extraction,Census,35 43.560,75 40.618,2008,4,15.33,36,48,2,2,8,12,4,8.15,5.53,16.9,33.9,28,28
2023-8-24-OS-05-2,2023,5,Crab Hole,2,Marl,932,12,456,464,468,Extraction,Census,35 43.651,75 40.727,2009,11,13.75,60,36,2,2,8,12,4,8.15,5.53,16.9,33.9,28,28
2023-8-24-OS-05-3,2023,5,Crab Hole,3,Marl,1372,16,752,604,768,Extraction,Census,35 43.561,75 40.531,2008,5,15.25,60,28,2,2,8,11,3,8.15,5.53,16.9,33.9,28,28
2023-8-24-OS-05-4,2023,5,Crab Hole,4,Marl,508,12,300,196,312,Extraction,Census,35 43.593,75 40.565 ,2006,5,17.25,44,44,2,2,8,12,4,8.15,5.53,16.9,33.9,28,28
2023-8-24-OS-05-5,2023,5,Crab Hole,5,Marl,1480,20,592,868,612,Extraction,Census,35 43.594,75 40.584,2006,4,17.33,48,36,2,2,9,12,3,8.15,5.53,16.9,33.9,28,28
2023-8-24-OS-05-6,2023,5,Crab Hole,6,Marl,488,36,220,232,256,Extraction,Census,35 43.513,75 40.643,2009,10,13.83,24,36,3,2,7,12,5,8.15,5.53,16.9,33.9,28,28
2023-8-24-OS-05-7,2023,5,Crab Hole,7,Marl,1044,64,632,348,696,Extraction,Census,35 43.669,75 40.594,2009,11,13.75,72,28,2,2,9,10,1,8.15,5.53,16.9,33.9,28,28
2023-8-24-OS-05-8,2023,5,Crab Hole,8,Marl,776,32,548,196,580,Extraction,Census,35 43.533,75 40.695,2009,9,13.92,60,28,2,2,8,12,4,8.15,5.53,16.9,33.9,28,28
2024-9-30-1-5,2024,1,Croatan Sound,5,Reef Ball,608,NA,NA,NA,NA,Observation,Grid,35 48.221,75 38.356,2013,12,10.75,28,0,3,1,9,12,3,7.9,6.94,21.76,23.5,26.3,25.8
2024-9-30-1-6,2024,1,Croatan Sound,6,Reef Ball,467,NA,NA,NA,NA,Observation,Grid,35 48.202,75 38.344,2013,12,10.75,20,0,3,1,9,12,3,7.9,6.94,21.76,23.5,26.3,25.8
2024-9-30-1-7,2024,1,Croatan Sound,7,Reef Ball,608,NA,NA,NA,NA,Observation,Grid,35 48.232,75 38.405,2013,12,10.75,28,0,3,1,9,12,3,7.9,6.94,21.76,23.5,26.3,25.8
2024-9-30-1-8,2024,1,Croatan Sound,8,Reef Ball,1144,NA,NA,NA,NA,Observation,Grid,35 48.220,75 38.365,2013,12,10.75,52,0,3,1,9,12,3,7.9,6.94,21.76,23.5,26.3,25.8
2024-8-20-2-5,2024,2,Deep Bay,5,Reef Ball,947,NA,NA,NA,NA,Observation,Grid,35 22.837,76 22.258,2014,11,9.75,44,0,3,1,7,8,1,8.1,6.43,14.44,14.7,27.7,27.2
2024-8-20-2-6,2024,2,Deep Bay,6,Reef Ball,1043,NA,NA,NA,NA,Observation,Grid,35 22.840,76 22.306,2014,11,9.75,48,0,3,1,8,8,0,8.1,6.43,14.44,14.7,27.7,27.2
2024-8-20-2-7,2024,2,Deep Bay,7,Reef Ball,855,NA,NA,NA,NA,Observation,Grid,35 22.824,76 22.310,2014,11,9.75,40,0,3,1,6,8,2,8.1,6.43,14.44,14.7,27.7,27.2
2024-8-20-2-8,2024,2,Deep Bay,8,Reef Ball,1144,NA,NA,NA,NA,Observation,Grid,35 22.826,76 22.307,2014,11,9.75,52,0,3,1,7,8,1,8.1,6.43,14.44,14.7,27.7,27.2
2024-6-21-3-5,2024,3,West Bay,5,Reef Ball,1594,NA,NA,NA,NA,Observation,Grid,34 58.811,76 21.438,2014,12,9.5,68,4,3,1,7,8,1,6.38,5.9,22.1,22.3,27.2,27.1
2024-6-21-3-6,2024,3,West Bay,6,Reef Ball,1360,NA,NA,NA,NA,Observation,Grid,34 58.810,76 21.424,2014,12,9.5,60,0,3,1,7,8,1,6.38,5.9,22.1,22.3,27.2,27.1
2024-6-21-3-7,2024,3,West Bay,7,Reef Ball,1594,NA,NA,NA,NA,Observation,Grid,34 58.814,76 21.429,2014,12,9.5,68,0,3,1,7,8,1,6.38,5.9,22.1,22.3,27.2,27.1
2024-6-21-3-8,2024,3,West Bay,8,Reef Ball,1847,NA,NA,NA,NA,Observation,Grid,34 58.818,76 21.434,2014,12,9.5,76,4,3,1,6,8,2,6.38,5.9,22.1,22.3,27.2,27.1
2024-8-20-9-5,2024,9,West Bluff,5,Reef Ball,404,NA,NA,NA,NA,Observation,Grid,35 18.237,76 10.256,2013,6,11.16666667,16,0,3,1,12,12,0,7.49,6.89,19.23,19.46,27.5,27.2
2024-8-20-9-6,2024,9,West Bluff,6,Reef Ball,241,NA,NA,NA,NA,Observation,Grid,35 18.235,76 .10.254,2013,6,11.16666667,4,0,3,1,12,12,0,7.49,6.89,19.23,19.46,27.5,27.2
2024-8-20-9-7,2024,9,West Bluff,7,Reef Ball,467,NA,NA,NA,NA,Observation,Grid,35 18.234,76 10.272,2013,6,11.16666667,20,0,3,1,11,12,1,7.49,6.89,19.23,19.46,27.5,27.2
2024-8-20-9-8,2024,9,West Bluff,8,Reef Ball,608,NA,NA,NA,NA,Observation,Grid,35 18.237,76 10.258,2013,6,11.16666667,28,0,3,1,12,12,0,7.49,6.89,19.23,19.46,27.5,27.2
2024-9-10-10-6,2024,10,Gibbs Shoal,6,Reef Ball,535,NA,NA,NA,NA,Observation,Grid,35 27.181,75 56.036,2012,8,12.08333333,24,0,4,3,12,12,0,8.53,7.15,21.4,23.9,23.5,23.8
2024-9-10-10-7,2024,10,Gibbs Shoal,7,Reef Ball,855,NA,NA,NA,NA,Observation,Grid,35 27.175,75 56.095,2012,9,12,40,0,4,3,12,13,1,8.53,7.15,21.4,23.9,23.5,23.8
2024-9-10-10-8,2024,10,Gibbs Shoal,8,Reef Ball,345,NA,NA,NA,NA,Observation,Grid,35 27.194,75 56.146,2012,6,12.25,12,0,4,3,12,13,1,8.53,7.15,21.4,23.9,23.5,23.8
2024-9-10-10-9,2024,10,Gibbs Shoal,9,Reef Ball,535,NA,NA,NA,NA,Observation,Grid,35 27.185,75 56.060,2012,8,12.08333333,24,0,4,3,12,13,1,8.53,7.15,21.4,23.9,23.5,23.8
2024-9-10-11-1,2024,11,Long Shoal,1,Reef Ball,1144,NA,NA,NA,NA,Observation,Grid,35 33.827,75 49.855,2013,7,11.16666667,52,0,4,3,11,12,1,8.32,6.68,20.02,21.63,23.4,23.6
2024-9-10-11-2,2024,11,Long Shoal,2,Reef Ball,608,NA,NA,NA,NA,Observation,Grid,35 33.838,75 49.892,2013,7,11.16666667,28,0,4,3,11,12,1,8.32,6.68,20.02,21.63,23.4,23.6
2024-9-10-11-3,2024,11,Long Shoal,3,Reef Ball,535,NA,NA,NA,NA,Observation,Grid,35 33.817,75 49.859,2013,8,11.08333333,24,0,4,3,11,12,1,8.32,6.68,20.02,21.63,23.4,23.6
2024-9-10-11-4,2024,11,Long Shoal,4,Reef Ball,1594,NA,NA,NA,NA,Observation,Grid,35 33.798,75 49.833,2013,9,11,68,0,4,3,12,13.5,1.5,8.32,6.68,20.02,21.63,23.4,23.6
2024-6-4-12-1,2024,12,Raccoon Island,1,Consolidated Concrete,1474,NA,NA,NA,NA,Observation,Grid,35 05.452,76 23.511,2014,3,10.25,64,8,3,1,16,16,0,7.09,7.05,30.25,30.95,25.6,24.8
2024-6-4-12-2,2024,12,Raccoon Island,2,Consolidated Concrete,1360,NA,NA,NA,NA,Observation,Grid,35 05.454,76 23.517,2014,3,10.25,60,0,2,1,14,16,2,7.09,7.05,30.25,30.95,25.6,24.8
2024-6-4-12-3,2024,12,Raccoon Island,3,Consolidated Concrete,2561,NA,NA,NA,NA,Observation,Grid,35 05.394,76 23.444,2016,9,7.75,96,8,3,1,14,16,2,7.09,7.05,30.25,30.95,25.6,24.8
2024-6-4-12-4,2024,12,Raccoon Island,4,Consolidated Concrete,2409,NA,NA,NA,NA,Observation,Grid,35 05.401,76 23.435,2016,9,7.75,92,8,3,1,14,16,2,7.09,7.05,30.25,30.95,25.6,24.8
2024-6-4-12-9,2024,12,Raccoon Island,9,Reef Ball,2261,NA,NA,NA,NA,Observation,Grid,35 05.372,76 23.475,2013,10,10.66666667,88,12,2,1,14,16,2,7.09,7.05,30.25,30.95,25.6,24.8
2024-6-4-12-10,2024,12,Raccoon Island,10,Reef Ball,2409,NA,NA,NA,NA,Observation,Grid,35 05.466,76 23.409,2013,10,10.66666667,92,4,2,1,15,16,1,7.09,7.05,30.25,30.95,25.6,24.8
2024-6-4-12-11,2024,12,Raccoon Island,11,Reef Ball,2409,NA,NA,NA,NA,Observation,Grid,35 05.468,76 23.528,2013,10,10.66666667,92,8,2,1,14,16,2,7.09,7.05,30.25,30.95,25.6,24.8
2024-6-4-12-12,2024,12,Raccoon Island,12,Reef Ball,2561,NA,NA,NA,NA,Observation,Grid,35 05.387,76 23.499,2013,10,10.66666667,96,0,2,1,14,16,2,7.09,7.05,30.25,30.95,25.6,24.8
2024-10-7-13-1,2024,13,Pea Island,1,Consolidated Concrete,947,NA,NA,NA,NA,Observation,Grid,35 39.953,75 36.849,2015,3,9.583333333,44,0,2,1,11,14,3,7.87,6.52,16.3,21.51,23.3,23.3
2024-10-7-13-2,2024,13,Pea Island,2,Consolidated Concrete,467,NA,NA,NA,NA,Observation,Grid,35 39.926,75 36.848,2015,4,9.5,20,0,2,1,10,14,4,7.87,6.52,16.3,21.51,23.3,23.3
2024-10-7-13-3,2024,13,Pea Island,3,Consolidated Concrete,241,NA,NA,NA,NA,Observation,Grid,35 40.043,75 37.023,2015,1,9.75,4,0,2,1,13,14,1,7.87,6.52,16.3,21.51,23.3,23.3
2024-10-7-13-4,2024,13,Pea Island,4,Consolidated Concrete,404,NA,NA,NA,NA,Observation,Grid,35 39.976,75 36.859,2015,3,9.583333333,16,0,2,1,12,14,2,7.87,6.52,16.3,21.51,23.3,23.3
2024-10-7-13-9,2024,13,Pea Island,9,Reef Ball,290,NA,NA,NA,NA,Observation,Grid,35 40.006,75 36.846,2015,8,9.166666667,8,0,2,1,14,14,0,7.87,6.52,16.3,21.51,23.3,23.3
2024-10-7-13-10,2024,13,Pea Island,10,Reef Ball,467,NA,NA,NA,NA,Observation,Grid,35 40.040,75 36.854,2015,7,9.25,20,0,2,1,12,14,2,7.87,6.52,16.3,21.51,23.3,23.3
2024-10-7-13-11,2024,13,Pea Island,11,Reef Ball,608,NA,NA,NA,NA,Observation,Grid,35 39.948,75 37.024,2015,8,9.166666667,28,0,2,1,14,14,0,7.87,6.52,16.3,21.51,23.3,23.3
2024-10-7-13-12,2024,13,Pea Island,12,Reef Ball,686,NA,NA,NA,NA,Observation,Grid,35 39.983,75 37.028,2015,8,9.166666667,32,0,2,1,14,14,0,7.87,6.52,16.3,21.51,23.3,23.3
2024-6-28-14-1,2024,14,Little Creek,1,Basalt,1594,NA,NA,NA,NA,Observation,Grid,35 2.612,76 30.912,2016,4,8.166666667,68,16,3,1,12,20,8,7.97,7.19,18.5,18.89,29.3,28.2
2024-6-28-14-2,2024,14,Little Creek,2,Basalt,1718,NA,NA,NA,NA,Observation,Grid,35 2.564,76 30.897,2016,8,7.833333333,72,16,3,1,11,20,9,7.97,7.19,18.5,18.89,29.3,28.2
2024-6-26-14-3,2024,14,Little Creek,3,Basalt,1043,NA,NA,NA,NA,Observation,Grid,35 2.563,76 30.882,2016,8,7.833333333,48,36,2,1,13,20,7,7.97,7.19,18.5,18.89,29.3,28.2
2024-6-26-14-4,2024,14,Little Creek,4,Basalt,1360,NA,NA,NA,NA,Observation,Grid,35 2.562,76 30.879,2016,8,7.833333333,60,4,2,1,13,20,7,7.97,7.19,18.5,18.89,29.3,28.2
2024-6-26-14-5,2024,14,Little Creek,5,Consolidated Concrete,196,NA,NA,NA,NA,Observation,Grid,35 2.661,76 30.864,2016,1,8.416666667,0,32,2,1,18,20,2,7.97,7.19,18.5,18.89,29.3,28.2
2024-6-26-14-6,2024,14,Little Creek,6,Consolidated Concrete,196,NA,NA,NA,NA,Observation,Grid,35 2.668,76 30.851,2016,1,8.416666667,0,12,2,1,15,20,5,7.97,7.19,18.5,18.89,29.3,28.2
2024-6-26-14-7,2024,14,Little Creek,7,Consolidated Concrete,290,NA,NA,NA,NA,Observation,Grid,35 2.612,76 30.816,2016,6,8,8,36,2,1,14,20,6,7.97,7.19,18.5,18.89,29.3,28.2
2024-6-28-14-8,2024,14,Little Creek,8,Consolidated Concrete,196,NA,NA,NA,NA,Observation,Grid,35 2.569,76 30.865,2016,6,8,0,8,3,1,14,16,2,7.97,7.19,18.5,18.89,29.3,28.2
2024-6-26-14-21,2024,14,Little Creek,21,Reef Ball,196,NA,NA,NA,NA,Observation,Grid,35 2.673,76 30.826,2016,2,8.333333333,0,8,2,1,19,20,1,7.97,7.19,18.5,18.89,29.3,28.2
2024-6-26-14-22,2024,14,Little Creek,22,Reef Ball,196,NA,NA,NA,NA,Observation,Grid,35 2.662,76 30.878,2016,2,8.333333333,0,20,2,1,18,20,2,7.97,7.19,18.5,18.89,29.3,28.2
2024-6-26-14-23,2024,14,Little Creek,23,Reef Ball,196,NA,NA,NA,NA,Observation,Grid,35 2.586,76 30.825,2016,6,8,0,12,3,1,16,18,2,7.97,7.19,18.5,18.89,29.3,28.2
2024-6-26-14-24,2024,14,Little Creek,24,Reef Ball,241,NA,NA,NA,NA,Observation,Grid,35 2.662,76 30.823,2016,2,8.333333333,4,36,2,1,19,21,2,7.97,7.19,18.5,18.89,29.3,28.2
2024-8-30-16-1,2024,16,Cedar Island,1,Crushed Concrete,1980,NA,NA,NA,NA,Observation,Grid,35 3.200,76 22.632,2021,7,3.083333333,80,4,2,1,10,12,2,NA,7.4,NA,21.18,NA,30.6
2024-8-30-16-2,2024,16,Cedar Island,2,Crushed Concrete,1594,NA,NA,NA,NA,Observation,Grid,35 3.210,76 22.686,2021,7,3.083333333,68,0,2,1,10,12.5,2.5,NA,7.4,NA,21.18,NA,30.6
2024-8-30-16-3,2024,16,Cedar Island,3,Crushed Concrete,1416,NA,NA,NA,NA,Observation,Grid,35 3.259,76 22.677,2021,7,3.083333333,62,8,2,1,10,12.5,2.5,NA,7.4,NA,21.18,NA,30.6
2024-8-30-16-4,2024,16,Cedar Island,4,Crushed Concrete,1718,NA,NA,NA,NA,Observation,Grid,35 3.236,76 22.685,2021,7,3.083333333,72,0,2,NA,10,12.5,2.5,NA,7.4,NA,21.18,NA,30.6
2024-10-1-5-1,2024,5,Crab Hole,1,Marl,1216,16,496,704,512,Extraction,Census,35 43.599,75 40.573,2006,4,18.5,24,8,3,2,8,13,5,7.9,6.66,15.75,22.91,25.3,25.5
2024-10-1-5-2,2024,5,Crab Hole,2,Marl,928,60,468,400,528,Extraction,Census,35 43.608,75 40.735,2006,3,18.58333333,12,8,3,1,9,13,4,7.9,6.66,15.75,22.91,25.3,25.5
2024-10-1-5-3,2024,5,Crab Hole,3,Marl,1228,40,560,628,600,Extraction,Census,35 43.608,75 40.743,2006,3,18.58333333,20,12,3,1,9,13,4,7.9,6.66,15.75,22.91,25.3,25.5
2024-10-1-5-4,2024,5,Crab Hole,4,Marl,496,8,204,284,212,Extraction,Census,35 43.649,75 40.590,2009,11,14.91666667,16,4,3,1,9,13,4,7.9,6.66,15.75,22.91,25.3,25.5
2024-10-1-5-5,2024,5,Crab Hole,5,Marl,1368,8,500,860,508,Extraction,Census,35 43.578,75 40.689,2006,4,18.5,12,4,3,1,9,13,4,7.9,6.66,15.75,22.91,25.3,25.5
2024-10-1-5-6,2024,5,Crab Hole,6,Marl,2248,48,1056,1144,1104,Extraction,Subsample,35 43.597,75 40.608,2006,4,18.5,8,0,3,1,8,13,5,7.9,6.66,15.75,22.91,25.3,25.5
2024-10-1-5-7,2024,5,Crab Hole,7,Marl,1268,60,380,828,440,Extraction,Census,35 43.509,75 40.597,2009,10,15,36,12,3,2,11,13,2,7.9,6.66,15.75,22.91,25.3,25.5
2024-10-1-5-8,2024,5,Crab Hole,8,Marl,1468,52,716,700,768,Extraction,Census,35 43.664,75 40.588,2009,11,14.91666667,60,4,3,1,11,13,2,7.9,6.66,15.75,22.91,25.3,25.5
2024-10-7-13-5,2024,13,Pea Island,5,Crushed Concrete,2084,232,1184,668,1416,Extraction,Subsample,35 39.969,75 36.908,2015,6,9.333333333,80,0,2,3,7,14,7,7.87,6.52,16.3,21.51,23.3,23.3
2024-10-7-13-6,2024,13,Pea Island,6,Crushed Concrete,1724,128,1012,584,1140,Extraction,Subsample,35 39.945,75 36.956,2015,7,9.25,92,0,2,3,8,14,6,7.87,6.52,16.3,21.51,23.3,23.3
2024-10-7-13-7,2024,13,Pea Island,7,Crushed Concrete,2408,348,1080,980,1428,Extraction,Subsample,35 40.057,75 36.965,2015,4,9.5,72,0,2,3,9,14,5,7.87,6.52,16.3,21.51,23.3,23.3
2024-10-7-13-8,2024,13,Pea Island,8,Crushed Concrete,2488,248,1176,1064,1424,Extraction,Subsample,35 40.006,75 36.963,2015,5,9.416666667,48,0,2,3,8,14,6,7.87,6.52,16.3,21.51,23.3,23.3
2024-6-21-3-1,2024,3,West Bay,1,Marl,948,212,572,164,784,Extraction,Census,34 58.829,76 21.451,1996,9,27.75,68,0,3,2,7,7,0,6.38,5.9,22.1,22.3,27.2,27.1
2024-6-21-3-2,2024,3,West Bay,2,Marl,484,160,260,64,420,Extraction,Census,34 58.836,76 21.431,1996,9,27.75,40,0,3,1,8,8,0,6.38,5.9,22.1,22.3,27.2,27.1
2024-6-21-3-3,2024,3,West Bay,3,Marl,640,72,388,180,460,Extraction,Census,34 58.811,76 21.448,1996,9,27.75,64,0,3,1,7,7,0,6.38,5.9,22.1,22.3,27.2,27.1
2024-6-21-3-4,2024,3,West Bay,4,Marl,484,128,272,84,400,Extraction,Census,34 58.808,76 21.453,1996,9,27.75,60,0,3,3,6,7,1,6.38,5.9,22.1,22.3,27.2,27.1
2024-6-21-8-1,2024,8,Neuse River ,1,Marl,752,216,428,108,644,Extraction,Census,35 00.433,76 32.030,2005,4,19.16666667,76,4,2,1,12,13,1,7.98,4.3,17.1,17.4,27.2,27
2024-6-21-8-2,2024,8,Neuse River ,2,Marl,848,192,480,176,672,Extraction,Census,35 00.422,76 32.008,2005,4,19.16666667,60,24,2,1,11,13,2,7.98,4.3,17.1,17.4,27.2,27
2024-6-21-8-3,2024,8,Neuse River ,3,Marl,688,124,412,152,536,Extraction,Census,35 00.409,76 32.012,2005,4,19.16666667,64,12,2,1,12,13,1,7.98,4.3,17.1,17.4,27.2,27
2024-6-21-8-4,2024,8,Neuse River ,4,Marl,680,152,448,80,600,Extraction,Census,35 00.425,76 32.020,2005,4,19.16666667,64,16,2,2,10,13,3,7.98,4.3,17.1,17.4,27.2,27
2024-6-26-14-12,2024,14,Little Creek,12,Crushed Concrete,1568,392,896,280,1288,Extraction,Census,35 02.672,76 30.934,2016,3,8.25,84,16,2,1,14,20,6,7.97,7.19,18.5,18.89,29.3,28.2
2024-6-26-14-14,2024,14,Little Creek,14,Granite,2112,540,940,632,1480,Extraction,Subsample,35 2.578,76 30.823,2016,8,7.833333333,76,24,2,1,14,20,6,7.97,7.19,18.5,18.89,29.3,28.2
2024-6-26-14-15,2024,14,Little Creek,15,Granite,2032,292,1252,488,1544,Extraction,Subsample,35 2.578,76 30.825,2016,8,7.833333333,88,12,2,2,13,21,8,7.97,7.19,18.5,18.89,29.3,28.2
2024-6-26-14-16,2024,14,Little Creek,16,Granite,1716,248,1004,464,1252,Extraction,Subsample,35 2.675,76 30.938,2016,4,8.166666667,64,12,2,1,13,20,7,7.97,7.19,18.5,18.89,29.3,28.2
2024-6-26-14-17,2024,14,Little Creek,17,Marl,1624,188,1040,396,1228,Extraction,Subsample,35 2.586,76 30.941,2016,8,7.833333333,68,16,2,1,12,21,9,7.97,7.19,18.5,18.89,29.3,28.2
2024-6-26-14-18,2024,14,Little Creek,18,Marl,1124,108,724,292,832,Extraction,Census,35 2.589,76 30.955,2016,8,7.833333333,76,12,2,2,11,21,10,7.97,7.19,18.5,18.89,29.3,28.2
2024-6-26-14-19,2024,14,Little Creek,19,Marl,1424,116,944,364,1060,Extraction,Census,35 2.590,76 30.957,2016,8,7.833333333,64,20,2,2,9,20,11,7.97,7.19,18.5,18.89,29.3,28.2
2024-6-4-12-5,2024,12,Raccoon Island,5,Crushed Concrete,3056,760,920,1376,1680,Extraction,Subsample,35 05.436,76 23.500,2016,8,7.833333333,92,0,2,2,13,16,3,7.09,7.05,30.25,30.95,25.6,24.8
2024-6-4-12-6,2024,12,Raccoon Island,6,Crushed Concrete,2512,380,1052,1080,1432,Extraction,Subsample,35 05.435,76 23.455,2016,8,7.833333333,96,4,2,2,12,16,4,7.09,7.05,30.25,30.95,25.6,24.8
2024-6-4-12-7,2024,12,Raccoon Island,7,Crushed Concrete,2004,548,620,836,1168,Extraction,Subsample,35 05.446,76 23.498,2016,8,7.833333333,96,0,2,2,13,16,3,7.09,7.05,30.25,30.95,25.6,24.8
2024-6-4-12-8,2024,12,Raccoon Island,8,Crushed Concrete,1948,508,888,552,1396,Extraction,Subsample,35 05.440,76 23.451,2016,8,7.833333333,92,0,2,2,13,16,3,7.09,7.05,30.25,30.95,25.6,24.8
2024-7-29-15-1,2024,15,Swan Island,1,Marl,2568,296,1228,1044,1524,Extraction,Subsample,35 5.531,76 27.167,2017,6,7.083333333,92,8,2,1,9,12,3,6.75,5.5,21.4,22.6,27.5,26.9
2024-7-29-15-10,2024,15,Swan Island,10,Marl,4132,80,1352,2700,1432,Extraction,Subsample,35 5.554,76 27.127,2018,5,6.166666667,96,4,2,1,10,12,2,6.75,5.5,21.4,22.6,27.5,26.9
2024-7-29-15-11,2024,15,Swan Island,11,Marl,2844,128,1396,1320,1524,Extraction,Subsample,35 5.544,76 26.994,2018,6,6.083333333,84,4,2,1,10,12,2,6.75,5.5,21.4,22.6,27.5,26.9
2024-7-29-15-12,2024,15,Swan Island,12,Granite,3428,244,1832,1352,2076,Extraction,Subsample,35 5.573,76 27.115,2018,5,6.166666667,100,0,2,1,11,12,1,6.75,5.5,21.4,22.6,27.5,26.9
2024-7-29-15-13,2024,15,Swan Island,13,Granite,4216,96,1556,2564,1652,Extraction,Subsample,35 5.540,76 27.056,2018,6,6.083333333,92,0,2,1,9,12,3,6.75,5.5,21.4,22.6,27.5,26.9
2024-7-29-15-14,2024,15,Swan Island,14,Granite,2464,260,1232,972,1492,Extraction,Subsample,35 5.505,76 26.986,2018,6,6.083333333,76,8,2,1,11,12,1,6.75,5.5,21.4,22.6,27.5,26.9
2024-7-29-15-15,2024,15,Swan Island,15,Granite,6776,408,2784,3584,3192,Extraction,Subsample,35 5.584,76 27.109,2018,5,6.166666667,100,0,2,1,10,12,2,6.75,5.5,21.4,22.6,27.5,26.9
2024-7-29-15-2,2024,15,Swan Island,2,Marl,4148,352,1772,2024,2124,Extraction,Subsample,35 5.558,76 26.842,2019,6,5.083333333,80,4,2,1,7,12,5,6.75,5.5,21.4,22.6,27.5,26.9
2024-7-29-15-3,2024,15,Swan Island,3,Marl,2220,320,944,956,1264,Extraction,Subsample,35 5.520,76 27.461,2017,5,7.166666667,84,8,2,3,9,12,3,6.75,5.5,21.4,22.6,27.5,26.9
2024-7-29-15-4,2024,15,Swan Island,4,Marl,2040,168,924,944,1092,Extraction,Subsample,35 5.542,76 27.164,2017,6,7.083333333,80,16,2,1,11,12,1,6.75,5.5,21.4,22.6,27.5,26.9
2024-7-29-15-5,2024,15,Swan Island,5,Marl,2756,260,1172,1324,1432,Extraction,Subsample,35 5.573,76 27.452,2017,6,7.083333333,92,8,2,3,8,12,4,6.75,5.5,21.4,22.6,27.5,26.9
2024-7-29-15-6,2024,15,Swan Island,6,Marl,1756,68,652,1036,720,Extraction,Subsample,35 5.605,76 27.174,2021,11,2.666666667,88,8,2,1,8,12,4,6.75,5.5,21.4,22.6,27.5,26.9
2024-7-29-15-7,2024,15,Swan Island,7,Marl,4724,296,1828,2600,2124,Extraction,Subsample,35 5.548,76 26.813,2019,7,5,92,8,2,1,8,15,7,6.75,5.5,21.4,22.6,27.5,26.9
2024-7-29-15-8,2024,15,Swan Island,8,Marl,2140,156,800,1184,956,Extraction,Subsample,35 5.544,76 26.886,2019,6,5.083333333,80,8,2,3,9,12,3,6.75,5.5,21.4,22.6,27.5,26.9
2024-7-29-15-9,2024,15,Swan Island,9,Marl,3380,200,1384,1796,1584,Extraction,Subsample,35 5.550,76 27.058,2018,6,6.083333333,88,0,2,1,10,12,2,6.75,5.5,21.4,22.6,27.5,26.9
2024-7-3-14-10,2024,14,Little Creek,10,Crushed Concrete,2960,436,1684,840,2120,Extraction,Subsample,35 02.572,76 23.932,2016,7,8,76,8,3,2,11,21,10,7.97,7.19,18.5,18.89,29.3,28.2
2024-7-3-14-11,2024,14,Little Creek,11,Crushed Concrete,1192,252,576,364,828,Extraction,Census,35 02.650,76 30.835,2016,4,8.25,72,8,3,1,13,21,8,7.97,7.19,18.5,18.89,29.3,28.2
2024-7-3-14-13,2024,14,Little Creek,13,Granite,1404,252,736,416,988,Extraction,Census,35 02.561,76 30.826,2016,9,7.833333333,68,8,3,1,14,21,7,7.97,7.19,18.5,18.89,29.3,28.2
2024-7-3-14-20,2024,14,Little Creek,20,Marl,1316,116,808,392,924,Extraction,Census,35 2.624,76 30.881,2016,4,8.25,48,20,3,1,10,21,11,7.97,7.19,18.5,18.89,29.3,28.2
2024-7-3-14-9,2024,14,Little Creek,9,Crushed Concrete,1776,152,880,744,1032,Extraction,Subsample,35 02.606,76 30.858,2016,6,8.083333333,44,8,2,2,14,21,7,7.97,7.19,18.5,18.89,29.3,28.2
2024-7-8-7-1,2024,7,Middle Bay,1,Marl,288,84,188,16,272,Extraction,Census,35 14.131,76 30.211,2004,8,19.91666667,NA,NA,4,3,6,8,2,6.07,5.27,19.1,19.1,28.7,28.5
2024-7-8-7-2,2024,7,Middle Bay,2,Marl,588,28,424,136,452,Extraction,Census,35 14.134,76 30.185,2004,8,19.91666667,NA,NA,4,3,6,8,2,6.07,5.27,19.1,19.1,28.7,28.5
2024-7-8-7-3,2024,7,Middle Bay,3,Marl,340,20,260,60,280,Extraction,Census,35 14.141,76 30.202,2004,8,19.91666667,NA,NA,4,3,6,8,2,6.07,5.27,19.1,19.1,28.7,28.5
2024-7-8-7-4,2024,7,Middle Bay,4,Marl,116,32,56,28,88,Extraction,Census,35 14.140,76 30.185,2004,8,19.91666667,NA,NA,4,3,6,8,2,6.07,5.27,19.1,19.1,28.7,28.5
2024-8-20-2-1,2024,2,Deep Bay,1,Marl,524,124,356,44,480,Extraction,Census,35 22.845,76 22.199,2003,6,21.16666667,NA,NA,4,2,8,8,0,8.1,6.43,14.44,14.7,27.7,27.2
2024-8-20-2-2,2024,2,Deep Bay,2,Marl,144,16,88,40,104,Extraction,Census,35 22.863,76 22.266,2003,6,21.16666667,NA,NA,4,2,8,8,0,8.1,6.43,14.44,14.7,27.7,27.2
2024-8-20-2-3,2024,2,Deep Bay,3,Marl,364,68,248,48,316,Extraction,Census,35 22.86,76 22.224,1996,6,28.16666667,NA,NA,4,2,8,8,0,8.1,6.43,14.44,14.7,27.7,27.2
2024-8-20-2-4,2024,2,Deep Bay,4,Marl,192,56,92,44,148,Extraction,Census,35 22.836,76 22.220,1996,6,28.16666667,NA,NA,4,2,8,8,0,8.1,6.43,14.44,14.7,27.7,27.2
2024-8-20-9-1,2024,9,West Bluff,1,Marl,588,180,316,92,496,Extraction,Census,35 18.260,76 10.254,2009,3,15.41666667,68,0,2,3,8,12,4,7.49,6.89,19.23,19.46,27.5,27.2
2024-8-20-9-2,2024,9,West Bluff,2,Marl,388,108,168,112,276,Extraction,Census,35 18.295,76 10.254,2005,8,19,80,4,2,3,11,12,1,7.49,6.89,19.23,19.46,27.5,27.2
2024-8-20-9-3,2024,9,West Bluff,3,Marl,356,44,144,168,188,Extraction,Census,35 18.295,76 10.092,2009,2,15.5,36,0,2,3,8,12,4,7.49,6.89,19.23,19.46,27.5,27.2
2024-8-20-9-4,2024,9,West Bluff,4,Marl,368,132,144,92,276,Extraction,Census,35 18.273,76 10.096,2005,8,19,48,0,2,3,10,12,2,7.49,6.89,19.23,19.46,27.5,27.2
2024-8-30-16-10,2024,16,Cedar Island,10,Marl,1892,0,956,936,956,Extraction,Subsample,35 3.391,76 22.663,2023,6,1.166666667,48,12,2,1,11,12,1,NA,7.4,NA,21.18,NA,30.6
2024-8-30-16-11,2024,16,Cedar Island,11,Marl,2160,232,880,1048,1112,Extraction,Subsample,35 3.307,76 22.886,2022,6,2.166666667,72,4,2,2,10,12,2,NA,7.4,NA,21.18,NA,30.6
2024-8-30-16-12,2024,16,Cedar Island,12,Marl,2612,468,684,1460,1152,Extraction,Subsample,35 3.193,76.22.878,2021,6,3.166666667,92,4,2,1,12,12,0,NA,7.4,NA,21.18,NA,30.6
2024-8-30-16-5,2024,16,Cedar Island,5,Marl,1832,0,604,1228,604,Extraction,Subsample,35 3.393,76 22.794,2023,6,1.166666667,52,0,2,1,12,12,0,NA,7.4,NA,21.18,NA,30.6
2024-8-30-16-6,2024,16,Cedar Island,6,Marl,2192,4,1172,1016,1176,Extraction,Subsample,35 3.420,76 22.886,2023,5,1.25,64,4,2,1,10,12,2,NA,7.4,NA,21.18,NA,30.6
2024-8-30-16-7,2024,16,Cedar Island,7,Marl,1552,0,660,892,660,Extraction,Census,35 3.416,76 22.676,2023,6,1.166666667,68,8,2,3,10,12,2,NA,7.4,NA,21.18,NA,30.6
2024-8-30-16-8,2024,16,Cedar Island,8,Marl,2332,284,968,1080,1252,Extraction,Subsample,35 3.192,76 22.787,2021,6,3.166666667,80,0,2,3,11,12,1,NA,7.4,NA,21.18,NA,30.6
2024-8-30-16-9,2024,16,Cedar Island,9,Marl,1584,196,736,652,932,Extraction,Census,35 3.317,76 22.824,2022,7,2.083333333,76,0,2,1,9,12,3,NA,7.4,NA,21.18,NA,30.6
2024-9-10-10-1,2024,10,Gibbs Shoal,1,Marl,160,32,96,32,128,Extraction,Census,35 27.300,75 56.056,2010,3,14.5,52,0,4,4,10,13,3,8.53,7.15,21.4,23.9,23.5,23.8
2024-9-10-10-2,2024,10,Gibbs Shoal,2,Marl,248,68,104,76,172,Extraction,Census,35 27.265,75 56.031,2011,3,13.5,64,0,4,3,10,13,3,8.53,7.15,21.4,23.9,23.5,23.8
2024-9-10-10-3,2024,10,Gibbs Shoal,3,Marl,424,84,244,96,328,Extraction,Census,35 27.254,75 56.067,2011,4,13.41666667,28,0,4,4,10,13,3,8.53,7.15,21.4,23.9,23.5,23.8
2024-9-10-10-4,2024,10,Gibbs Shoal,4,Marl,92,20,48,24,68,Extraction,Census,35 27.259,75 56.099,2011,4,13.41666667,12,0,4,4,11,13,2,8.53,7.15,21.4,23.9,23.5,23.8
2024-9-10-10-5,2024,10,Gibbs Shoal,5,Marl,112,12,80,20,92,Extraction,Census,35 27.313,75 56.105,2010,1,14.66666667,40,0,4,4,11,13,2,8.53,7.15,21.4,23.9,23.5,23.8
2024-9-30-1-1,2024,1,Croatan Sound,1,Marl,248,28,156,64,184,Extraction,Census,35 48.249,75 38.396,1998,8,26.08333333,32,0,3,1,9,10,1,7.9,6.94,21.76,23.5,26.3,25.8
2024-9-30-1-2,2024,1,Croatan Sound,2,Marl,128,16,92,20,108,Extraction,Census,35 48.255,75 38.390,1998,8,26.08333333,24,0,3,1,10,12,2,7.9,6.94,21.76,23.5,26.3,25.8
2024-9-30-1-3,2024,1,Croatan Sound,3,Marl,480,44,308,128,352,Extraction,Census,35 48.250,75 38.389,1998,8,26.08333333,60,4,3,1,10,12,2,7.9,6.94,21.76,23.5,26.3,25.8
2024-9-30-1-4,2024,1,Croatan Sound,4,Marl,380,44,208,128,252,Extraction,Census,35 48.209,75 38.404,1996,6,28.25,60,4,3,1,8,12,4,7.9,6.94,21.76,23.5,26.3,25.8
